fold_id,model_type,seed,sample_id,chromosome,motif_start,motif_end,motif_strand,motif_relative_score,strong_hit_080,motif_mass_fraction,top7_motif_recall,weighted_distance_to_motif,circular_control_mass_fraction,motif_mass_enrichment_vs_circular
fold_a,CNN-Aug,42,ENCFF148JKK:10557,chr17,90,97,-,0.8342254144890079,True,0.24267190470462224,0.8571428571428571,60.38616695386883,0.025762462843688702,9.41959261336973
fold_a,CNN-Aug,42,ENCFF148JKK:11004,chr1,167,174,+,0.9698314132220124,True,0.06393281403295437,0.0,60.07763700803687,0.021872366731099553,2.9229947915078864
fold_a,CNN-Aug,42,ENCFF148JKK:11815,chr1,128,135,+,0.9698314132220124,True,0.31244872987524114,0.7142857142857143,48.81621497344603,0.02113501074209146,14.783466811918077
fold_a,CNN-Aug,42,ENCFF148JKK:11989,chr1,74,81,-,0.9698314132220124,True,0.16315302316289898,0.7142857142857143,60.33214326437752,0.024058015337383058,6.781649312085199
fold_a,CNN-Aug,42,ENCFF148JKK:12238,chr1,109,116,+,0.9698314132220124,True,0.3966409862207212,0.7142857142857143,33.49084142869071,0.02302576994244461,17.225959749105808
fold_a,CNN-Aug,42,ENCFF148JKK:1274,chr1,20,27,+,0.718938163499549,False,0.11037051135106289,0.2857142857142857,113.76278048545181,0.012844051736427702,8.593122607723167
fold_a,CNN-Aug,42,ENCFF148JKK:13217,chr17,52,59,-,0.8643940012669953,True,0.08683927939394502,0.14285714285714285,95.07940989152718,0.03257165366259457,2.6660998024079947
fold_a,CNN-Aug,42,ENCFF148JKK:13351,chr1,66,73,-,0.8643940012669953,True,0.010867408140067054,0.0,73.43440176309333,0.030350829512821986,0.35805967462853094
fold_a,CNN-Aug,42,ENCFF148JKK:13583,chr1,122,129,-,0.9698314132220124,True,0.14370193407357598,0.2857142857142857,34.78008735606127,0.029482161716496154,4.874199370298225
fold_a,CNN-Aug,42,ENCFF148JKK:13765,chr1,186,193,-,0.8625646014227104,True,0.14500058558305026,0.42857142857142855,58.56843169971796,0.022350499792244585,6.4875768743822055
fold_a,CNN-Aug,42,ENCFF148JKK:13971,chr16,161,168,-,0.8978698624752371,True,0.014420632795484436,0.0,74.15736943320371,0.022453286218159604,0.6422504329821184
fold_a,CNN-Aug,42,ENCFF148JKK:1407,chr1,63,70,-,0.7585592931454146,False,0.028737090307566174,0.0,68.29515461662608,0.025448676692027116,1.1292174699429183
fold_a,CNN-Aug,42,ENCFF148JKK:14272,chr1,147,154,+,0.9698314132220124,True,0.2921716346350444,0.8571428571428571,47.463349111683776,0.022319044353643666,13.090687486686514
fold_a,CNN-Aug,42,ENCFF148JKK:14328,chr1,118,125,+,0.9698314132220124,True,0.17999513181436674,0.42857142857142855,31.371716178627363,0.023245509700733247,7.7432215568363745
fold_a,CNN-Aug,42,ENCFF148JKK:14545,chr16,92,99,+,0.9698314132220124,True,0.09412970034856762,0.0,58.23510707420724,0.023147425354691345,4.066530031146212
fold_a,CNN-Aug,42,ENCFF148JKK:1753,chr17,247,254,+,0.7227918043219376,False,0.053932472984542124,0.14285714285714285,118.05858256267005,0.02801885033416181,1.9248638806134486
fold_a,CNN-Aug,42,ENCFF148JKK:1923,chr17,71,78,-,0.7770393947166989,False,0.02734233801979,0.0,67.71196966448245,0.027266715973533515,1.002773419664102
fold_a,CNN-Aug,42,ENCFF148JKK:1953,chr1,49,56,+,0.7774522387332831,False,0.02961603519378109,0.14285714285714285,76.3807342146913,0.02764056941589797,1.071469793120358
fold_a,CNN-Aug,42,ENCFF148JKK:2417,chr1,0,7,-,0.8828598264768451,True,0.019838134902450875,0.0,122.95479750130461,0.026370582591624926,0.7522827693898313
fold_a,CNN-Aug,42,ENCFF148JKK:2538,chr16,50,57,-,0.893134349792984,True,0.10745595160677616,0.2857142857142857,79.27702381752583,0.02681884894223374,4.006732423089078
fold_a,CNN-Aug,42,ENCFF148JKK:2883,chr1,150,157,+,0.8397698382294303,True,0.09179937434043081,0.14285714285714285,53.246210617111835,0.024203467625690915,3.7928191017963813
fold_a,CNN-Aug,42,ENCFF148JKK:3628,chr1,31,38,-,0.8629657630149966,True,0.284206133269534,0.8571428571428571,61.69019877036756,0.021413369882469675,13.272368376833715
fold_a,CNN-Aug,42,ENCFF148JKK:4248,chr1,198,205,+,0.8778326924731494,True,0.014060174252576232,0.0,112.51466966416808,0.029115075679716752,0.48291731772386787
fold_a,CNN-Aug,42,ENCFF148JKK:4285,chr17,78,85,+,0.8978698624752371,True,0.008133351808623297,0.0,116.91338107021855,0.027643138154464293,0.2942267901414002
fold_a,CNN-Aug,42,ENCFF148JKK:4717,chr1,105,112,-,0.9698314132220124,True,0.19879227391954096,0.2857142857142857,68.95153851663297,0.025560565194262256,7.777303530211653
fold_a,CNN-Aug,42,ENCFF148JKK:4723,chr17,35,42,+,0.8547098789468857,True,0.05709883440651182,0.14285714285714285,68.25542448165612,0.023136326374576043,2.467930019748354
fold_a,CNN-Aug,42,ENCFF148JKK:498,chr16,239,246,+,0.7618510197256483,False,0.012097911110430438,0.0,120.61097112636817,0.027152309928536202,0.4455573445600635
fold_a,CNN-Aug,42,ENCFF148JKK:5086,chr1,221,228,-,0.9698314132220124,True,0.3465208268204759,1.0,48.073796266007164,0.02472468762749762,14.015175117322492
fold_a,CNN-Aug,42,ENCFF148JKK:5088,chr17,94,101,-,0.8978698624752371,True,0.3049863782052033,0.8571428571428571,40.27352187793948,0.025762822224472084,11.838236337146983
fold_a,CNN-Aug,42,ENCFF148JKK:5573,chr16,195,202,-,0.8547098789468857,True,0.06859088266910926,0.14285714285714285,71.29606056945843,0.02447098532342367,2.8029473175096853
fold_a,CNN-Aug,42,ENCFF148JKK:5610,chr17,40,47,-,0.8494137894800587,True,0.03102813667152646,0.0,101.82602098305374,0.019342405851184515,1.604150844018523
fold_a,CNN-Aug,42,ENCFF148JKK:6602,chr17,166,173,+,0.8625646014227104,True,0.4261109436605082,1.0,33.67725684803814,0.01875001614849886,22.72589742247358
fold_a,CNN-Aug,42,ENCFF148JKK:7244,chr1,8,15,-,0.8672884316806654,True,0.043456777395910494,0.14285714285714285,124.56078958054601,0.026356462211955353,1.64880920081142
fold_a,CNN-Aug,42,ENCFF148JKK:7839,chr21,166,173,-,0.8629657630149966,True,0.1967827651994468,0.8571428571428571,66.7795300430461,0.021922645401685294,8.976232639529863
fold_a,CNN-Aug,42,ENCFF148JKK:8125,chr1,108,115,-,0.9056192194585888,True,0.042244469726262036,0.0,63.20565600154988,0.026604110834400386,1.5878925625147344
fold_a,CNN-Aug,42,ENCFF148JKK:8151,chr1,100,107,+,0.9698314132220124,True,0.07051592798502883,0.0,63.69045819321341,0.02293790552183013,3.0742095400959095
fold_a,CNN-Aug,42,ENCFF148JKK:8724,chr1,241,248,-,0.8631062706160901,True,0.012043140144467347,0.0,160.14528641095634,0.02596632813274699,0.46379835003622816
fold_a,CNN-Aug,42,ENCFF148JKK:8839,chr1,121,128,+,0.9280384492532245,True,0.07851640192374361,0.0,44.39974015001945,0.026491201581377345,2.963867142173675
fold_a,CNN-Aug,42,ENCFF148JKK:9502,chr1,188,195,-,0.9698314132220124,True,0.35507082959222086,1.0,52.2085760301211,0.02532010762243459,14.023274896257329
fold_a,CNN-Aug,42,ENCFF148JKK:9668,chr16,110,117,-,0.8978698624752371,True,0.26633076575644815,0.7142857142857143,47.84497080694944,0.017592393647872736,15.138972620059166
fold_a,CNN-RCPS,42,ENCFF148JKK:10557,chr17,90,97,-,0.8342254144890079,True,0.19243021164901314,0.7142857142857143,64.39566517519236,0.021316062356728567,9.027474607113408
fold_a,CNN-RCPS,42,ENCFF148JKK:11004,chr1,167,174,+,0.9698314132220124,True,0.14648808496046697,0.2857142857142857,57.43374123551427,0.02188206028652041,6.694437500051366
fold_a,CNN-RCPS,42,ENCFF148JKK:11815,chr1,128,135,+,0.9698314132220124,True,0.36379866992478865,0.7142857142857143,47.58907602584026,0.019449686364238845,18.704603411687238
fold_a,CNN-RCPS,42,ENCFF148JKK:11989,chr1,74,81,-,0.9698314132220124,True,0.3769078653112241,1.0,46.327737902739564,0.020304693603505203,18.56259802148201
fold_a,CNN-RCPS,42,ENCFF148JKK:12238,chr1,109,116,+,0.9698314132220124,True,0.44184708361131736,0.8571428571428571,26.10912755418411,0.02027037939042886,21.797672115596708
fold_a,CNN-RCPS,42,ENCFF148JKK:1274,chr1,20,27,+,0.718938163499549,False,0.052385704961870574,0.14285714285714285,99.78865181223772,0.019873888307578594,2.6359061775492676
fold_a,CNN-RCPS,42,ENCFF148JKK:13217,chr17,52,59,-,0.8643940012669953,True,0.008789353167417108,0.0,106.00065236645803,0.04429482737289568,0.1984284325892954
fold_a,CNN-RCPS,42,ENCFF148JKK:13351,chr1,66,73,-,0.8643940012669953,True,0.008434906208974103,0.0,75.6107131706914,0.027434673309068833,0.30745422458469196
fold_a,CNN-RCPS,42,ENCFF148JKK:13583,chr1,122,129,-,0.9698314132220124,True,0.037225809095945174,0.0,35.82178512426316,0.0350712557598712,1.0614335953872296
fold_a,CNN-RCPS,42,ENCFF148JKK:13765,chr1,186,193,-,0.8625646014227104,True,0.08747115326972073,0.0,63.09806530861588,0.024432569792319635,3.5801045085817065
fold_a,CNN-RCPS,42,ENCFF148JKK:13971,chr16,161,168,-,0.8978698624752371,True,0.08727628685840425,0.0,62.29388795024528,0.025991184536613872,3.3579187872510325
fold_a,CNN-RCPS,42,ENCFF148JKK:1407,chr1,63,70,-,0.7585592931454146,False,0.025570403618948172,0.0,73.14145663437432,0.02018746082727358,1.2666478383651971
fold_a,CNN-RCPS,42,ENCFF148JKK:14272,chr1,147,154,+,0.9698314132220124,True,0.49754834268930376,1.0,31.53710722770022,0.021715756550641986,22.911858563573492
fold_a,CNN-RCPS,42,ENCFF148JKK:14328,chr1,118,125,+,0.9698314132220124,True,0.37472375162346955,0.7142857142857143,24.11169633957686,0.022337822070389066,16.77530380726785
fold_a,CNN-RCPS,42,ENCFF148JKK:14545,chr16,92,99,+,0.9698314132220124,True,0.0006096505020569304,0.0,75.0089328311791,0.021771785868831293,0.02800186010141282
fold_a,CNN-RCPS,42,ENCFF148JKK:1753,chr17,247,254,+,0.7227918043219376,False,0.12339904513219502,0.14285714285714285,120.68053225233501,0.022531807155645088,5.476659918122848
fold_a,CNN-RCPS,42,ENCFF148JKK:1923,chr17,71,78,-,0.7770393947166989,False,0.035489642539175366,0.0,87.17057394235493,0.025614884397084738,1.3855085968381136
fold_a,CNN-RCPS,42,ENCFF148JKK:1953,chr1,49,56,+,0.7774522387332831,False,0.03181622747216979,0.14285714285714285,67.47589225490756,0.03210908761486191,0.9908792131933214
fold_a,CNN-RCPS,42,ENCFF148JKK:2417,chr1,0,7,-,0.8828598264768451,True,0.04518267636254206,0.0,130.1952497797874,0.026932659633683527,1.677616580652659
fold_a,CNN-RCPS,42,ENCFF148JKK:2538,chr16,50,57,-,0.893134349792984,True,0.14203442303266484,0.2857142857142857,72.29787876538174,0.025482267823992225,5.5738533168910385
fold_a,CNN-RCPS,42,ENCFF148JKK:2883,chr1,150,157,+,0.8397698382294303,True,0.10653063528680402,0.2857142857142857,50.73212850198566,0.021831045925884474,4.879776976717985
fold_a,CNN-RCPS,42,ENCFF148JKK:3628,chr1,31,38,-,0.8629657630149966,True,0.36282067293748693,0.8571428571428571,53.341153809946576,0.018822252162543712,19.27615621150269
fold_a,CNN-RCPS,42,ENCFF148JKK:4248,chr1,198,205,+,0.8778326924731494,True,0.01060946472705975,0.0,114.72189828176539,0.02988406379703796,0.3550208164162511
fold_a,CNN-RCPS,42,ENCFF148JKK:4285,chr17,78,85,+,0.8978698624752371,True,0.0120844295634299,0.0,120.52011578593331,0.028044748108332317,0.4308981316840397
fold_a,CNN-RCPS,42,ENCFF148JKK:4717,chr1,105,112,-,0.9698314132220124,True,0.2129973632128898,0.2857142857142857,73.30373242763058,0.02690326649256964,7.917156203753813
fold_a,CNN-RCPS,42,ENCFF148JKK:4723,chr17,35,42,+,0.8547098789468857,True,0.11383769832416826,0.14285714285714285,80.55284431995754,0.02600037499379021,4.378309864813744
fold_a,CNN-RCPS,42,ENCFF148JKK:498,chr16,239,246,+,0.7618510197256483,False,0.016350523568041567,0.0,114.63515156816906,0.030089387974186643,0.5433983430327165
fold_a,CNN-RCPS,42,ENCFF148JKK:5086,chr1,221,228,-,0.9698314132220124,True,0.4297622892226681,1.0,42.64346226323229,0.021870078783473666,19.650696894033235
fold_a,CNN-RCPS,42,ENCFF148JKK:5088,chr17,94,101,-,0.8978698624752371,True,0.48068244937374816,0.8571428571428571,30.801737401670668,0.019591468971187742,24.53529391188917
fold_a,CNN-RCPS,42,ENCFF148JKK:5573,chr16,195,202,-,0.8547098789468857,True,0.09980006715576192,0.14285714285714285,77.08547042565333,0.02099800943742548,4.752834665265214
fold_a,CNN-RCPS,42,ENCFF148JKK:5610,chr17,40,47,-,0.8494137894800587,True,0.028642112887918122,0.0,79.51975155149961,0.022628830417000895,1.2657354516386974
fold_a,CNN-RCPS,42,ENCFF148JKK:6602,chr17,166,173,+,0.8625646014227104,True,0.4932930963834553,1.0,37.67690950911175,0.01895526017867677,26.024074147944045
fold_a,CNN-RCPS,42,ENCFF148JKK:7244,chr1,8,15,-,0.8672884316806654,True,0.07568476612037521,0.0,109.0361958789165,0.02497062222297858,3.0309523505076386
fold_a,CNN-RCPS,42,ENCFF148JKK:7839,chr21,166,173,-,0.8629657630149966,True,0.217121913325074,0.7142857142857143,56.60295808380498,0.019253067098089518,11.277263628641226
fold_a,CNN-RCPS,42,ENCFF148JKK:8125,chr1,108,115,-,0.9056192194585888,True,0.2396749120721096,0.7142857142857143,39.3182873715952,0.024961200440384343,9.601898460153514
fold_a,CNN-RCPS,42,ENCFF148JKK:8151,chr1,100,107,+,0.9698314132220124,True,0.061750877725856176,0.14285714285714285,54.2758667800069,0.025071880413720056,2.462953584130224
fold_a,CNN-RCPS,42,ENCFF148JKK:8724,chr1,241,248,-,0.8631062706160901,True,0.020110782316018434,0.0,177.37505851994288,0.0265397741046226,0.7577601164478491
fold_a,CNN-RCPS,42,ENCFF148JKK:8839,chr1,121,128,+,0.9280384492532245,True,0.02675734831927455,0.0,46.57476264600857,0.03164026625586299,0.845673930266512
fold_a,CNN-RCPS,42,ENCFF148JKK:9502,chr1,188,195,-,0.9698314132220124,True,0.5629690387699047,1.0,28.475814507050544,0.020181671170307596,27.895065478927048
fold_a,CNN-RCPS,42,ENCFF148JKK:9668,chr16,110,117,-,0.8978698624752371,True,0.2033435590008929,0.42857142857142855,50.26948239065894,0.01824326743441669,11.146224750138604
fold_a,CNN-Raw,42,ENCFF148JKK:10557,chr17,90,97,-,0.8342254144890079,True,0.2376767911243548,0.7142857142857143,64.82834330842178,0.02662841619497911,8.925682601024151
fold_a,CNN-Raw,42,ENCFF148JKK:11004,chr1,167,174,+,0.9698314132220124,True,0.24278822476995976,0.8571428571428571,50.03775985092941,0.024374305508752553,9.960826358017753
fold_a,CNN-Raw,42,ENCFF148JKK:11815,chr1,128,135,+,0.9698314132220124,True,0.38733885137967444,1.0,41.26699254041699,0.020267022313255285,19.111778997072616
fold_a,CNN-Raw,42,ENCFF148JKK:11989,chr1,74,81,-,0.9698314132220124,True,0.19195585461226172,0.7142857142857143,57.56742194838475,0.026204987928573776,7.325164779143214
fold_a,CNN-Raw,42,ENCFF148JKK:12238,chr1,109,116,+,0.9698314132220124,True,0.3523489230097071,0.7142857142857143,30.506751292809767,0.02160871723914265,16.305869483610632
fold_a,CNN-Raw,42,ENCFF148JKK:1274,chr1,20,27,+,0.718938163499549,False,0.08103826711564857,0.14285714285714285,98.81843259193091,0.017263842294423994,4.694103765175318
fold_a,CNN-Raw,42,ENCFF148JKK:13217,chr17,52,59,-,0.8643940012669953,True,0.02489611339501097,0.0,111.04199935122405,0.03925776475105394,0.6341704259752229
fold_a,CNN-Raw,42,ENCFF148JKK:13351,chr1,66,73,-,0.8643940012669953,True,0.02005836312660237,0.0,76.40735829833507,0.03079802433338671,0.6512873328974557
fold_a,CNN-Raw,42,ENCFF148JKK:13583,chr1,122,129,-,0.9698314132220124,True,0.07525830958236047,0.0,34.12341756213893,0.03200688641877787,2.351316169829245
fold_a,CNN-Raw,42,ENCFF148JKK:13765,chr1,186,193,-,0.8625646014227104,True,0.046890442174251215,0.14285714285714285,69.02144931402513,0.01994756608797709,2.3506848889455885
fold_a,CNN-Raw,42,ENCFF148JKK:13971,chr16,161,168,-,0.8978698624752371,True,0.08242992446505472,0.0,69.42061102935976,0.027707451830573063,2.9750092130124925
fold_a,CNN-Raw,42,ENCFF148JKK:1407,chr1,63,70,-,0.7585592931454146,False,0.021678192065233665,0.0,64.72831586740898,0.025199865665989384,0.8602503026232917
fold_a,CNN-Raw,42,ENCFF148JKK:14272,chr1,147,154,+,0.9698314132220124,True,0.3718080831702748,0.8571428571428571,46.69136425821986,0.02306161938001109,16.122375321680295
fold_a,CNN-Raw,42,ENCFF148JKK:14328,chr1,118,125,+,0.9698314132220124,True,0.21341083492428473,0.7142857142857143,35.56522609888407,0.022658959878745076,9.41838619540837
fold_a,CNN-Raw,42,ENCFF148JKK:14545,chr16,92,99,+,0.9698314132220124,True,0.04436847975940278,0.0,69.87745609481802,0.023631231989575837,1.8775356180741873
fold_a,CNN-Raw,42,ENCFF148JKK:1753,chr17,247,254,+,0.7227918043219376,False,0.08623080345362955,0.14285714285714285,114.05875957114272,0.029947648032907566,2.8793848304506584
fold_a,CNN-Raw,42,ENCFF148JKK:1923,chr17,71,78,-,0.7770393947166989,False,0.018291558461043734,0.0,67.24132214338461,0.023891977882381496,0.7655941484247044
fold_a,CNN-Raw,42,ENCFF148JKK:1953,chr1,49,56,+,0.7774522387332831,False,0.027055154209375407,0.0,69.66344066876154,0.0316907420273853,0.8537242260214642
fold_a,CNN-Raw,42,ENCFF148JKK:2417,chr1,0,7,-,0.8828598264768451,True,0.012937794148040974,0.0,128.8427042130214,0.028880742575936022,0.4479730434224011
fold_a,CNN-Raw,42,ENCFF148JKK:2538,chr16,50,57,-,0.893134349792984,True,0.05301864436125112,0.0,80.59307677777906,0.02717804729886463,1.950789318240166
fold_a,CNN-Raw,42,ENCFF148JKK:2883,chr1,150,157,+,0.8397698382294303,True,0.08738914033476751,0.14285714285714285,54.70178781486912,0.023332158059712754,3.745437524943776
fold_a,CNN-Raw,42,ENCFF148JKK:3628,chr1,31,38,-,0.8629657630149966,True,0.3119868961975975,0.8571428571428571,51.164300640414424,0.0199984245434933,15.60057371114795
fold_a,CNN-Raw,42,ENCFF148JKK:4248,chr1,198,205,+,0.8778326924731494,True,0.015375193943404733,0.0,112.21474080009231,0.031941301759608146,0.4813577749310038
fold_a,CNN-Raw,42,ENCFF148JKK:4285,chr17,78,85,+,0.8978698624752371,True,0.04806202364406977,0.0,92.26602743284953,0.025198456979002595,1.9073399487960299
fold_a,CNN-Raw,42,ENCFF148JKK:4717,chr1,105,112,-,0.9698314132220124,True,0.1712264228210421,0.2857142857142857,67.39242946760332,0.025156872700308308,6.8063477070798095
fold_a,CNN-Raw,42,ENCFF148JKK:4723,chr17,35,42,+,0.8547098789468857,True,0.09541525319182242,0.14285714285714285,76.73980391818588,0.023004729410450772,4.147636405080966
fold_a,CNN-Raw,42,ENCFF148JKK:498,chr16,239,246,+,0.7618510197256483,False,0.011237204514877771,0.0,124.52804777150266,0.029258577113239953,0.38406531087913925
fold_a,CNN-Raw,42,ENCFF148JKK:5086,chr1,221,228,-,0.9698314132220124,True,0.367735998967068,1.0,46.55823059560964,0.023439344101549655,15.688834865594883
fold_a,CNN-Raw,42,ENCFF148JKK:5088,chr17,94,101,-,0.8978698624752371,True,0.30512949195291517,0.8571428571428571,38.3278570883073,0.026578666335452562,11.480240885747952
fold_a,CNN-Raw,42,ENCFF148JKK:5573,chr16,195,202,-,0.8547098789468857,True,0.09404481224966807,0.14285714285714285,79.0027126023409,0.020080275650285802,4.6834422936982705
fold_a,CNN-Raw,42,ENCFF148JKK:5610,chr17,40,47,-,0.8494137894800587,True,0.022156814975971308,0.0,98.99125564795129,0.020287161227343246,1.092159456302251
fold_a,CNN-Raw,42,ENCFF148JKK:6602,chr17,166,173,+,0.8625646014227104,True,0.4535262589401304,1.0,38.64931745292151,0.022075054759346596,20.544739928588715
fold_a,CNN-Raw,42,ENCFF148JKK:7244,chr1,8,15,-,0.8672884316806654,True,0.04501063737167075,0.14285714285714285,128.87988748600867,0.024180135280904208,1.861471693552394
fold_a,CNN-Raw,42,ENCFF148JKK:7839,chr21,166,173,-,0.8629657630149966,True,0.15501771261652708,0.5714285714285714,68.39856550152423,0.022553036449947925,6.873474131102423
fold_a,CNN-Raw,42,ENCFF148JKK:8125,chr1,108,115,-,0.9056192194585888,True,0.052621334299176224,0.0,57.53786761860475,0.02603484209071936,2.0211889173675512
fold_a,CNN-Raw,42,ENCFF148JKK:8151,chr1,100,107,+,0.9698314132220124,True,0.004040036054345238,0.0,61.21582101360803,0.02362332572185381,0.17101893704186716
fold_a,CNN-Raw,42,ENCFF148JKK:8724,chr1,241,248,-,0.8631062706160901,True,0.002813107095569775,0.0,160.54331175406972,0.02263994827103813,0.12425413087928329
fold_a,CNN-Raw,42,ENCFF148JKK:8839,chr1,121,128,+,0.9280384492532245,True,0.056718886569192106,0.14285714285714285,38.179048660049,0.027244535293006494,2.081844522550968
fold_a,CNN-Raw,42,ENCFF148JKK:9502,chr1,188,195,-,0.9698314132220124,True,0.40463297474909227,0.8571428571428571,40.16888215686859,0.023524552424252027,17.20045369840688
fold_a,CNN-Raw,42,ENCFF148JKK:9668,chr16,110,117,-,0.8978698624752371,True,0.24602382604239909,0.7142857142857143,40.95328687318128,0.016265746015318612,15.125271586725928
fold_a,CNN-Aug,123,ENCFF148JKK:10557,chr17,90,97,-,0.8342254144890079,True,0.10205892864610633,0.2857142857142857,64.7393357135186,0.025353662119794774,4.025411720164253
fold_a,CNN-Aug,123,ENCFF148JKK:11004,chr1,167,174,+,0.9698314132220124,True,0.07191942093539565,0.0,59.10445208476707,0.022401015026468792,3.210542953094601
fold_a,CNN-Aug,123,ENCFF148JKK:11815,chr1,128,135,+,0.9698314132220124,True,0.2995105827640656,0.8571428571428571,46.93231457957739,0.024738378627840122,12.107122591575255
fold_a,CNN-Aug,123,ENCFF148JKK:11989,chr1,74,81,-,0.9698314132220124,True,0.1321404914197166,0.8571428571428571,62.0891943026264,0.02427134788602398,5.444299675495412
fold_a,CNN-Aug,123,ENCFF148JKK:12238,chr1,109,116,+,0.9698314132220124,True,0.3800265102974871,0.8571428571428571,33.9235162429521,0.01994127629527523,19.057281222643123
fold_a,CNN-Aug,123,ENCFF148JKK:1274,chr1,20,27,+,0.718938163499549,False,0.06066783671431819,0.0,101.79297433973365,0.019175452780286192,3.1638281197036084
fold_a,CNN-Aug,123,ENCFF148JKK:13217,chr17,52,59,-,0.8643940012669953,True,0.017353131126170526,0.0,86.44391509313654,0.03903538616462261,0.44454872440579307
fold_a,CNN-Aug,123,ENCFF148JKK:13351,chr1,66,73,-,0.8643940012669953,True,0.012604892015328502,0.0,80.50728649532918,0.028242914049396377,0.44630281398310245
fold_a,CNN-Aug,123,ENCFF148JKK:13583,chr1,122,129,-,0.9698314132220124,True,0.12060151902810119,0.14285714285714285,38.37534510118448,0.0282415305469344,4.27036058926319
fold_a,CNN-Aug,123,ENCFF148JKK:13765,chr1,186,193,-,0.8625646014227104,True,0.05155438741389332,0.0,72.14429108460584,0.022802517952243972,2.2609076559819092
fold_a,CNN-Aug,123,ENCFF148JKK:13971,chr16,161,168,-,0.8978698624752371,True,0.08909569383826334,0.0,62.71053387015137,0.022272876681999787,4.00018799144466
fold_a,CNN-Aug,123,ENCFF148JKK:1407,chr1,63,70,-,0.7585592931454146,False,0.08137081211052546,0.0,65.34141378332737,0.02565285880172219,3.1719978166746343
fold_a,CNN-Aug,123,ENCFF148JKK:14272,chr1,147,154,+,0.9698314132220124,True,0.2891190831432115,0.8571428571428571,45.21847145494901,0.02518302005487038,11.480715280107798
fold_a,CNN-Aug,123,ENCFF148JKK:14328,chr1,118,125,+,0.9698314132220124,True,0.2680762063727094,0.7142857142857143,34.23765052643301,0.02447769235498313,10.951857817517462
fold_a,CNN-Aug,123,ENCFF148JKK:14545,chr16,92,99,+,0.9698314132220124,True,0.08975062505529241,0.0,66.9104466304618,0.021343099767496675,4.205135431732053
fold_a,CNN-Aug,123,ENCFF148JKK:1753,chr17,247,254,+,0.7227918043219376,False,0.06286432456553002,0.2857142857142857,104.43272261827195,0.02826577863459571,2.2240436174854796
fold_a,CNN-Aug,123,ENCFF148JKK:1923,chr17,71,78,-,0.7770393947166989,False,0.026018047379658966,0.0,62.531008671432495,0.024413673364096125,1.0657162071285147
fold_a,CNN-Aug,123,ENCFF148JKK:1953,chr1,49,56,+,0.7774522387332831,False,0.05818975556889442,0.14285714285714285,67.44354749424966,0.029086295113074114,2.000590152258287
fold_a,CNN-Aug,123,ENCFF148JKK:2417,chr1,0,7,-,0.8828598264768451,True,0.03341450933375852,0.0,115.94156436756134,0.027878828456078423,1.1985621772593946
fold_a,CNN-Aug,123,ENCFF148JKK:2538,chr16,50,57,-,0.893134349792984,True,0.0348411469956827,0.0,79.38338499238127,0.02656077215728833,1.31175203752961
fold_a,CNN-Aug,123,ENCFF148JKK:2883,chr1,150,157,+,0.8397698382294303,True,0.11070997110950666,0.14285714285714285,44.607357044745534,0.02118082771345143,5.2268954078313685
fold_a,CNN-Aug,123,ENCFF148JKK:3628,chr1,31,38,-,0.8629657630149966,True,0.3301096036911632,0.8571428571428571,65.15449549634138,0.020545404333743425,16.06732086304073
fold_a,CNN-Aug,123,ENCFF148JKK:4248,chr1,198,205,+,0.8778326924731494,True,0.05909095401558658,0.2857142857142857,84.7615578899061,0.0267917918328912,2.2055618520834805
fold_a,CNN-Aug,123,ENCFF148JKK:4285,chr17,78,85,+,0.8978698624752371,True,0.019400988707969618,0.0,92.2352095506189,0.03090706033411811,0.6277202845640091
fold_a,CNN-Aug,123,ENCFF148JKK:4717,chr1,105,112,-,0.9698314132220124,True,0.23547986432396634,0.2857142857142857,66.32284897129122,0.024674248242501903,9.543547670009552
fold_a,CNN-Aug,123,ENCFF148JKK:4723,chr17,35,42,+,0.8547098789468857,True,0.08626014356657229,0.14285714285714285,72.81671549629999,0.023263374919338192,3.7079806290215718
fold_a,CNN-Aug,123,ENCFF148JKK:498,chr16,239,246,+,0.7618510197256483,False,0.008335554512587807,0.0,129.35940528754102,0.027220573016314774,0.3062225952257454
fold_a,CNN-Aug,123,ENCFF148JKK:5086,chr1,221,228,-,0.9698314132220124,True,0.34912537879425354,0.7142857142857143,65.83491697664822,0.02591840843793231,13.47017042463529
fold_a,CNN-Aug,123,ENCFF148JKK:5088,chr17,94,101,-,0.8978698624752371,True,0.29781833458001494,0.8571428571428571,39.474118661988534,0.021604001488181195,13.785332071141594
fold_a,CNN-Aug,123,ENCFF148JKK:5573,chr16,195,202,-,0.8547098789468857,True,0.13833225420146533,0.14285714285714285,67.24140307521941,0.0220598859816364,6.2707601624332545
fold_a,CNN-Aug,123,ENCFF148JKK:5610,chr17,40,47,-,0.8494137894800587,True,0.05977737367439063,0.14285714285714285,84.79085237037926,0.019840818376327292,3.0128481870341046
fold_a,CNN-Aug,123,ENCFF148JKK:6602,chr17,166,173,+,0.8625646014227104,True,0.4302295979781735,1.0,45.62419154717562,0.023100744387666648,18.624057768799457
fold_a,CNN-Aug,123,ENCFF148JKK:7244,chr1,8,15,-,0.8672884316806654,True,0.03169047988870274,0.14285714285714285,126.34041028990177,0.023788885704659903,1.3321548677034092
fold_a,CNN-Aug,123,ENCFF148JKK:7839,chr21,166,173,-,0.8629657630149966,True,0.22163695035642664,0.7142857142857143,60.74120274091299,0.02122505735672431,10.442230926938336
fold_a,CNN-Aug,123,ENCFF148JKK:8125,chr1,108,115,-,0.9056192194585888,True,0.05542716811353498,0.0,61.95824393693129,0.02473350236155818,2.240975309654574
fold_a,CNN-Aug,123,ENCFF148JKK:8151,chr1,100,107,+,0.9698314132220124,True,0.21104879949843602,0.8571428571428571,52.98729722457889,0.022584401504703824,9.34489229012685
fold_a,CNN-Aug,123,ENCFF148JKK:8724,chr1,241,248,-,0.8631062706160901,True,0.0032095848952217705,0.0,139.159899019131,0.026507227418445946,0.12108338773251981
fold_a,CNN-Aug,123,ENCFF148JKK:8839,chr1,121,128,+,0.9280384492532245,True,0.13362418972238416,0.2857142857142857,48.001326873608406,0.02908188505286085,4.594756821282438
fold_a,CNN-Aug,123,ENCFF148JKK:9502,chr1,188,195,-,0.9698314132220124,True,0.3670903729769178,1.0,46.170188030039135,0.02172618888776821,16.89621566272899
fold_a,CNN-Aug,123,ENCFF148JKK:9668,chr16,110,117,-,0.8978698624752371,True,0.13702533383426588,0.42857142857142855,51.237235573496136,0.021057889775844378,6.507078120973375
fold_a,CNN-RCPS,123,ENCFF148JKK:10557,chr17,90,97,-,0.8342254144890079,True,0.18875698832219867,0.7142857142857143,63.85592277815569,0.026504028251869354,7.121822634975703
fold_a,CNN-RCPS,123,ENCFF148JKK:11004,chr1,167,174,+,0.9698314132220124,True,0.13177167532963935,0.2857142857142857,55.70082658929916,0.023387123114200818,5.634368737282898
fold_a,CNN-RCPS,123,ENCFF148JKK:11815,chr1,128,135,+,0.9698314132220124,True,0.3183932556550262,0.7142857142857143,44.19571724673411,0.018098676993681524,17.592073485049834
fold_a,CNN-RCPS,123,ENCFF148JKK:11989,chr1,74,81,-,0.9698314132220124,True,0.2496460223104117,0.8571428571428571,49.96475233095599,0.024518894899527997,10.181781166459404
fold_a,CNN-RCPS,123,ENCFF148JKK:12238,chr1,109,116,+,0.9698314132220124,True,0.28089206457656735,0.7142857142857143,38.99027740516666,0.021270965752093432,13.20542131703271
fold_a,CNN-RCPS,123,ENCFF148JKK:1274,chr1,20,27,+,0.718938163499549,False,0.09021439150337814,0.42857142857142855,93.92006378353888,0.02219503152862632,4.064621011554905
fold_a,CNN-RCPS,123,ENCFF148JKK:13217,chr17,52,59,-,0.8643940012669953,True,0.006454801923833151,0.0,97.71535006475123,0.04356045116950134,0.14818032758008837
fold_a,CNN-RCPS,123,ENCFF148JKK:13351,chr1,66,73,-,0.8643940012669953,True,2.0180555827634012e-07,0.0,86.20496488628555,0.03212403119787645,6.282074532715571e-06
fold_a,CNN-RCPS,123,ENCFF148JKK:13583,chr1,122,129,-,0.9698314132220124,True,0.10167264760443404,0.14285714285714285,28.773559748789364,0.030298724491449148,3.3556741846716323
fold_a,CNN-RCPS,123,ENCFF148JKK:13765,chr1,186,193,-,0.8625646014227104,True,0.023278580532962414,0.0,78.46369719022951,0.024176073110697333,0.9628768256273266
fold_a,CNN-RCPS,123,ENCFF148JKK:13971,chr16,161,168,-,0.8978698624752371,True,0.02376424358066083,0.0,74.77468658799285,0.024366457578499444,0.9752851231698941
fold_a,CNN-RCPS,123,ENCFF148JKK:1407,chr1,63,70,-,0.7585592931454146,False,0.05334127267272753,0.0,63.20149264157528,0.025545161975788763,2.0881164395545198
fold_a,CNN-RCPS,123,ENCFF148JKK:14272,chr1,147,154,+,0.9698314132220124,True,0.3378507291371468,0.8571428571428571,43.804344062806045,0.02182970300147856,15.476652573526248
fold_a,CNN-RCPS,123,ENCFF148JKK:14328,chr1,118,125,+,0.9698314132220124,True,0.3087784903849944,0.7142857142857143,27.98642205630542,0.020909759053522575,14.767195049671116
fold_a,CNN-RCPS,123,ENCFF148JKK:14545,chr16,92,99,+,0.9698314132220124,True,0.11968561207479925,0.14285714285714285,55.30180170470371,0.022933364067855518,5.218842369600552
fold_a,CNN-RCPS,123,ENCFF148JKK:1753,chr17,247,254,+,0.7227918043219376,False,0.04619053847516919,0.0,115.38989324396103,0.02888764744685238,1.598971967521784
fold_a,CNN-RCPS,123,ENCFF148JKK:1923,chr17,71,78,-,0.7770393947166989,False,0.021924845227048916,0.0,68.04081452879356,0.0223020352286266,0.9830871937152387
fold_a,CNN-RCPS,123,ENCFF148JKK:1953,chr1,49,56,+,0.7774522387332831,False,0.031883611514960636,0.14285714285714285,75.25903284235606,0.02952630746383464,1.079837414617908
fold_a,CNN-RCPS,123,ENCFF148JKK:2417,chr1,0,7,-,0.8828598264768451,True,0.008809742526964828,0.0,120.67622403535336,0.02794810511554615,0.31521788294922376
fold_a,CNN-RCPS,123,ENCFF148JKK:2538,chr16,50,57,-,0.893134349792984,True,0.03729181906491746,0.0,91.44866157426648,0.025669683105130094,1.4527572822846682
fold_a,CNN-RCPS,123,ENCFF148JKK:2883,chr1,150,157,+,0.8397698382294303,True,0.07841952162174334,0.14285714285714285,57.061603574395,0.02398457736760701,3.2695811320675947
fold_a,CNN-RCPS,123,ENCFF148JKK:3628,chr1,31,38,-,0.8629657630149966,True,0.3675590512700712,0.8571428571428571,59.20884779477793,0.021016865189880628,17.488766661882885
fold_a,CNN-RCPS,123,ENCFF148JKK:4248,chr1,198,205,+,0.8778326924731494,True,0.03448727423101314,0.0,112.93166291622052,0.029351595841306415,1.1749710106896232
fold_a,CNN-RCPS,123,ENCFF148JKK:4285,chr17,78,85,+,0.8978698624752371,True,0.03319820561264991,0.0,84.30607575783078,0.027009745137629985,1.2291195434642648
fold_a,CNN-RCPS,123,ENCFF148JKK:4717,chr1,105,112,-,0.9698314132220124,True,0.16863243729911456,0.2857142857142857,69.90163917220201,0.026276089003915308,6.41771449601907
fold_a,CNN-RCPS,123,ENCFF148JKK:4723,chr17,35,42,+,0.8547098789468857,True,0.04283713593370593,0.14285714285714285,77.81051613389104,0.02490614356103195,1.719942544647046
fold_a,CNN-RCPS,123,ENCFF148JKK:498,chr16,239,246,+,0.7618510197256483,False,0.02562910847930077,0.0,118.32328118848876,0.026310081335862733,0.9741174172793703
fold_a,CNN-RCPS,123,ENCFF148JKK:5086,chr1,221,228,-,0.9698314132220124,True,0.3376552837230381,1.0,50.70886939432759,0.02391022165238249,14.121796469812026
fold_a,CNN-RCPS,123,ENCFF148JKK:5088,chr17,94,101,-,0.8978698624752371,True,0.3340417323501297,0.8571428571428571,39.63805595761839,0.022768866372981977,14.670986551465326
fold_a,CNN-RCPS,123,ENCFF148JKK:5573,chr16,195,202,-,0.8547098789468857,True,0.06024166685166501,0.14285714285714285,85.90954999569783,0.02122062331154868,2.8388264551531956
fold_a,CNN-RCPS,123,ENCFF148JKK:5610,chr17,40,47,-,0.8494137894800587,True,0.024895339322727632,0.0,97.46337008765806,0.020758957665494505,1.199257675837386
fold_a,CNN-RCPS,123,ENCFF148JKK:6602,chr17,166,173,+,0.8625646014227104,True,0.4111245720600891,1.0,41.1347244766696,0.02196047555739352,18.72111425754959
fold_a,CNN-RCPS,123,ENCFF148JKK:7244,chr1,8,15,-,0.8672884316806654,True,0.07599833561589343,0.14285714285714285,113.86969924320523,0.025817713427292163,2.943650909671762
fold_a,CNN-RCPS,123,ENCFF148JKK:7839,chr21,166,173,-,0.8629657630149966,True,0.16154645090895411,0.7142857142857143,65.19618096062437,0.024599023396152955,6.5671896118533875
fold_a,CNN-RCPS,123,ENCFF148JKK:8125,chr1,108,115,-,0.9056192194585888,True,0.11505122088568594,0.42857142857142855,55.14162183578374,0.024840296498878138,4.631636377242196
fold_a,CNN-RCPS,123,ENCFF148JKK:8151,chr1,100,107,+,0.9698314132220124,True,0.11110269971543817,0.14285714285714285,52.09138543942052,0.022939715796062264,4.8432465643061535
fold_a,CNN-RCPS,123,ENCFF148JKK:8724,chr1,241,248,-,0.8631062706160901,True,0.014534414396060605,0.0,140.11776394721298,0.022986926815928083,0.6322904541545514
fold_a,CNN-RCPS,123,ENCFF148JKK:8839,chr1,121,128,+,0.9280384492532245,True,0.11986515952907457,0.42857142857142855,38.75617439054342,0.026308569963185126,4.556125996084462
fold_a,CNN-RCPS,123,ENCFF148JKK:9502,chr1,188,195,-,0.9698314132220124,True,0.37110143592862754,1.0,49.08581421386886,0.02361437552917059,15.715064557612791
fold_a,CNN-RCPS,123,ENCFF148JKK:9668,chr16,110,117,-,0.8978698624752371,True,0.1912341561304231,0.7142857142857143,47.481704390265286,0.01860785083629144,10.277068416598304
fold_a,CNN-Raw,123,ENCFF148JKK:10557,chr17,90,97,-,0.8342254144890079,True,0.162706138289675,0.7142857142857143,63.64166414375582,0.025261224819688753,6.440944152591558
fold_a,CNN-Raw,123,ENCFF148JKK:11004,chr1,167,174,+,0.9698314132220124,True,0.14851409008608468,0.7142857142857143,64.61452305541802,0.024914147685630453,5.961034347233241
fold_a,CNN-Raw,123,ENCFF148JKK:11815,chr1,128,135,+,0.9698314132220124,True,0.37613533427271223,0.8571428571428571,39.943215831512596,0.021590269080631684,17.42152137465196
fold_a,CNN-Raw,123,ENCFF148JKK:11989,chr1,74,81,-,0.9698314132220124,True,0.22482570155531362,0.8571428571428571,47.62737235721157,0.026000853099527543,8.646858650933991
fold_a,CNN-Raw,123,ENCFF148JKK:12238,chr1,109,116,+,0.9698314132220124,True,0.31206135284705616,0.8571428571428571,39.278751836416475,0.021433339243661066,14.559623645174591
fold_a,CNN-Raw,123,ENCFF148JKK:1274,chr1,20,27,+,0.718938163499549,False,0.09208127385061646,0.14285714285714285,104.04822043534735,0.020259640133372264,4.5450596972321105
fold_a,CNN-Raw,123,ENCFF148JKK:13217,chr17,52,59,-,0.8643940012669953,True,0.011588141199957326,0.0,91.014679168802,0.045020065104014115,0.257399476726303
fold_a,CNN-Raw,123,ENCFF148JKK:13351,chr1,66,73,-,0.8643940012669953,True,0.01542650536189503,0.0,81.1535796469105,0.03470816687890334,0.44446327043770556
fold_a,CNN-Raw,123,ENCFF148JKK:13583,chr1,122,129,-,0.9698314132220124,True,0.11335149274308773,0.14285714285714285,38.62614961696558,0.030641324915084953,3.699301288609878
fold_a,CNN-Raw,123,ENCFF148JKK:13765,chr1,186,193,-,0.8625646014227104,True,0.08436080048188084,0.14285714285714285,66.06564707796618,0.01832012544983202,4.604815655487466
fold_a,CNN-Raw,123,ENCFF148JKK:13971,chr16,161,168,-,0.8978698624752371,True,0.07520147192151724,0.0,71.12607316227245,0.023936235103978225,3.1417418652032993
fold_a,CNN-Raw,123,ENCFF148JKK:1407,chr1,63,70,-,0.7585592931454146,False,0.018204813326838213,0.0,61.55701954766757,0.02734671457556296,0.6657038554498259
fold_a,CNN-Raw,123,ENCFF148JKK:14272,chr1,147,154,+,0.9698314132220124,True,0.27426775983755086,0.8571428571428571,45.36033948060653,0.02033320125976839,13.488665967233679
fold_a,CNN-Raw,123,ENCFF148JKK:14328,chr1,118,125,+,0.9698314132220124,True,0.21061016477121786,0.42857142857142855,32.28105288761363,0.026582584298916592,7.922862668390054
fold_a,CNN-Raw,123,ENCFF148JKK:14545,chr16,92,99,+,0.9698314132220124,True,0.03031053747716481,0.0,71.79924806295544,0.023123783645182534,1.3107948916257708
fold_a,CNN-Raw,123,ENCFF148JKK:1753,chr17,247,254,+,0.7227918043219376,False,0.1076356027717763,0.2857142857142857,104.4327777586282,0.027673266721637838,3.889515605601257
fold_a,CNN-Raw,123,ENCFF148JKK:1923,chr17,71,78,-,0.7770393947166989,False,0.0032084674350198843,0.0,67.17215658993561,0.02644286719221277,0.12133583743765708
fold_a,CNN-Raw,123,ENCFF148JKK:1953,chr1,49,56,+,0.7774522387332831,False,0.0647877827700644,0.14285714285714285,60.9418767718733,0.03138129018783247,2.064535345177895
fold_a,CNN-Raw,123,ENCFF148JKK:2417,chr1,0,7,-,0.8828598264768451,True,0.02106110948012161,0.0,114.9129453850898,0.028646125795001053,0.7352166792410344
fold_a,CNN-Raw,123,ENCFF148JKK:2538,chr16,50,57,-,0.893134349792984,True,0.05627046494951375,0.0,79.5459476350751,0.03177415403000372,1.7709508456583498
fold_a,CNN-Raw,123,ENCFF148JKK:2883,chr1,150,157,+,0.8397698382294303,True,0.07626669493626848,0.14285714285714285,48.22016692046141,0.02116214739492916,3.6039204109571306
fold_a,CNN-Raw,123,ENCFF148JKK:3628,chr1,31,38,-,0.8629657630149966,True,0.2901899166181754,0.8571428571428571,72.6995323923743,0.02110868386558189,13.747418762158619
fold_a,CNN-Raw,123,ENCFF148JKK:4248,chr1,198,205,+,0.8778326924731494,True,0.03849414788192078,0.0,111.12011887148965,0.03122712843695044,1.2327149439834955
fold_a,CNN-Raw,123,ENCFF148JKK:4285,chr17,78,85,+,0.8978698624752371,True,0.0332254867696784,0.0,84.50104477979323,0.02917309280157665,1.1389086167745213
fold_a,CNN-Raw,123,ENCFF148JKK:4717,chr1,105,112,-,0.9698314132220124,True,0.10651500997165844,0.0,73.41141547148437,0.026798932534086058,3.9745989821116954
fold_a,CNN-Raw,123,ENCFF148JKK:4723,chr17,35,42,+,0.8547098789468857,True,0.11979963670810514,0.5714285714285714,82.53157665875204,0.0204770144981564,5.850444493209253
fold_a,CNN-Raw,123,ENCFF148JKK:498,chr16,239,246,+,0.7618510197256483,False,0.03101125736733787,0.0,123.32898767293004,0.02627232356864377,1.1803774145180692
fold_a,CNN-Raw,123,ENCFF148JKK:5086,chr1,221,228,-,0.9698314132220124,True,0.2900482901159064,0.7142857142857143,62.61374607720144,0.024053973784584393,12.058227580749726
fold_a,CNN-Raw,123,ENCFF148JKK:5088,chr17,94,101,-,0.8978698624752371,True,0.2511990503023075,0.8571428571428571,45.92275619113667,0.0219319344780681,11.453574720164614
fold_a,CNN-Raw,123,ENCFF148JKK:5573,chr16,195,202,-,0.8547098789468857,True,0.18916935118255698,0.7142857142857143,67.13255072960455,0.02319942664478653,8.154052859968758
fold_a,CNN-Raw,123,ENCFF148JKK:5610,chr17,40,47,-,0.8494137894800587,True,0.032737819661079484,0.0,101.1295729378441,0.022942214853422575,1.4269685760612418
fold_a,CNN-Raw,123,ENCFF148JKK:6602,chr17,166,173,+,0.8625646014227104,True,0.3426076002219655,0.8571428571428571,47.44816199502427,0.02503971306452369,13.682568939153404
fold_a,CNN-Raw,123,ENCFF148JKK:7244,chr1,8,15,-,0.8672884316806654,True,0.027878533056475516,0.0,122.17495214187706,0.024122922230612784,1.155686396115672
fold_a,CNN-Raw,123,ENCFF148JKK:7839,chr21,166,173,-,0.8629657630149966,True,0.19069257619450383,0.7142857142857143,60.047211546807866,0.021364261394873747,8.925774342016785
fold_a,CNN-Raw,123,ENCFF148JKK:8125,chr1,108,115,-,0.9056192194585888,True,0.055391594664416025,0.0,73.35903398397208,0.029298743879271744,1.8905791624604231
fold_a,CNN-Raw,123,ENCFF148JKK:8151,chr1,100,107,+,0.9698314132220124,True,0.14212628086409163,0.8571428571428571,54.00007271455847,0.021240143032159597,6.69139942461305
fold_a,CNN-Raw,123,ENCFF148JKK:8724,chr1,241,248,-,0.8631062706160901,True,0.010102193946493698,0.0,149.58111466002663,0.025888453091807043,0.3902200687954876
fold_a,CNN-Raw,123,ENCFF148JKK:8839,chr1,121,128,+,0.9280384492532245,True,0.07734385032969397,0.14285714285714285,48.188931618518815,0.027557164081159796,2.8066694418157563
fold_a,CNN-Raw,123,ENCFF148JKK:9502,chr1,188,195,-,0.9698314132220124,True,0.3302339324622075,0.7142857142857143,49.28178553758653,0.022254325837108464,14.839089482169426
fold_a,CNN-Raw,123,ENCFF148JKK:9668,chr16,110,117,-,0.8978698624752371,True,0.15175072313695212,0.42857142857142855,52.70473361957356,0.01903261224981512,7.973194701028294
fold_a,CNN-Aug,2026,ENCFF148JKK:10557,chr17,90,97,-,0.8342254144890079,True,0.1355730532035774,0.14285714285714285,48.87446358910976,0.02627721574514998,5.159338588929472
fold_a,CNN-Aug,2026,ENCFF148JKK:11004,chr1,167,174,+,0.9698314132220124,True,0.2065871844528981,0.8571428571428571,49.9135273272395,0.021366756505542366,9.668626326102
fold_a,CNN-Aug,2026,ENCFF148JKK:11815,chr1,128,135,+,0.9698314132220124,True,0.3529984319753404,0.7142857142857143,40.523041913266646,0.019715028289448273,17.90504313728373
fold_a,CNN-Aug,2026,ENCFF148JKK:11989,chr1,74,81,-,0.9698314132220124,True,0.2517685961859112,0.8571428571428571,51.33825711332862,0.02150155922151102,11.70931808210596
fold_a,CNN-Aug,2026,ENCFF148JKK:12238,chr1,109,116,+,0.9698314132220124,True,0.4072092695592027,1.0,28.57655064194917,0.02073774066358764,19.636144369101938
fold_a,CNN-Aug,2026,ENCFF148JKK:1274,chr1,20,27,+,0.718938163499549,False,0.02719121781732666,0.0,109.71289282365336,0.024297609459407517,1.1190902488886125
fold_a,CNN-Aug,2026,ENCFF148JKK:13217,chr17,52,59,-,0.8643940012669953,True,0.008140785675302294,0.0,97.62856154543368,0.041320414343090556,0.19701607074188418
fold_a,CNN-Aug,2026,ENCFF148JKK:13351,chr1,66,73,-,0.8643940012669953,True,0.006378538774715294,0.0,69.89618302974031,0.03204846838780863,0.19902788169252159
fold_a,CNN-Aug,2026,ENCFF148JKK:13583,chr1,122,129,-,0.9698314132220124,True,0.12553446776217878,0.14285714285714285,30.583967258650798,0.030254396132486767,4.149296757153964
fold_a,CNN-Aug,2026,ENCFF148JKK:13765,chr1,186,193,-,0.8625646014227104,True,0.1399903648035469,0.5714285714285714,69.86880572211393,0.02033137940877886,6.885433692861028
fold_a,CNN-Aug,2026,ENCFF148JKK:13971,chr16,161,168,-,0.8978698624752371,True,0.1454941101190178,0.0,67.76967425702104,0.025051526921971008,5.807794094635194
fold_a,CNN-Aug,2026,ENCFF148JKK:1407,chr1,63,70,-,0.7585592931454146,False,0.018317767462264004,0.0,76.28600989801619,0.02644172964620639,0.6927598045724691
fold_a,CNN-Aug,2026,ENCFF148JKK:14272,chr1,147,154,+,0.9698314132220124,True,0.38481805424878235,0.8571428571428571,34.43979474198048,0.021074628775691537,18.259778539617717
fold_a,CNN-Aug,2026,ENCFF148JKK:14328,chr1,118,125,+,0.9698314132220124,True,0.3480604736321191,0.7142857142857143,23.554293019009126,0.021077385101571044,16.51345610258721
fold_a,CNN-Aug,2026,ENCFF148JKK:14545,chr16,92,99,+,0.9698314132220124,True,0.16886969524797713,0.2857142857142857,50.660642100477915,0.020488742228234096,8.242072322783663
fold_a,CNN-Aug,2026,ENCFF148JKK:1753,chr17,247,254,+,0.7227918043219376,False,0.0309395871690338,0.14285714285714285,125.83402624092864,0.026902440812627534,1.1500661737172673
fold_a,CNN-Aug,2026,ENCFF148JKK:1923,chr17,71,78,-,0.7770393947166989,False,0.021281560190769776,0.0,88.70817709444299,0.025306750827907152,0.8409439969394026
fold_a,CNN-Aug,2026,ENCFF148JKK:1953,chr1,49,56,+,0.7774522387332831,False,0.037644403513235586,0.0,84.0741332327915,0.025819325436269098,1.4579933006443107
fold_a,CNN-Aug,2026,ENCFF148JKK:2417,chr1,0,7,-,0.8828598264768451,True,0.007429276927930884,0.0,125.86366271970964,0.029290034443888915,0.2536452096757753
fold_a,CNN-Aug,2026,ENCFF148JKK:2538,chr16,50,57,-,0.893134349792984,True,0.08588773516306503,0.0,85.44452241960343,0.026357788999500878,3.2585333756443466
fold_a,CNN-Aug,2026,ENCFF148JKK:2883,chr1,150,157,+,0.8397698382294303,True,0.06565594625718567,0.14285714285714285,55.71629314928312,0.021740196419964063,3.0200254399216786
fold_a,CNN-Aug,2026,ENCFF148JKK:3628,chr1,31,38,-,0.8629657630149966,True,0.33629943213711944,0.7142857142857143,58.95771090283931,0.022950211159808945,14.653435203509432
fold_a,CNN-Aug,2026,ENCFF148JKK:4248,chr1,198,205,+,0.8778326924731494,True,0.017194905027641216,0.0,113.98040817943036,0.03055128728262517,0.5628209662189958
fold_a,CNN-Aug,2026,ENCFF148JKK:4285,chr17,78,85,+,0.8978698624752371,True,0.10536971823711865,0.0,96.67324770941259,0.0329476985328734,3.1980903956610667
fold_a,CNN-Aug,2026,ENCFF148JKK:4717,chr1,105,112,-,0.9698314132220124,True,0.1892344592643779,0.2857142857142857,72.8331742965514,0.028432029625445818,6.655678886006038
fold_a,CNN-Aug,2026,ENCFF148JKK:4723,chr17,35,42,+,0.8547098789468857,True,0.0631189908080353,0.14285714285714285,68.00811620119458,0.020679733504787398,3.0522149037086543
fold_a,CNN-Aug,2026,ENCFF148JKK:498,chr16,239,246,+,0.7618510197256483,False,0.02259284560014282,0.0,106.81540681477178,0.02335937183461744,0.9671854945457623
fold_a,CNN-Aug,2026,ENCFF148JKK:5086,chr1,221,228,-,0.9698314132220124,True,0.37472610441633675,1.0,54.17684345292645,0.021585890017144005,17.359770855810012
fold_a,CNN-Aug,2026,ENCFF148JKK:5088,chr17,94,101,-,0.8978698624752371,True,0.33072542669916494,0.8571428571428571,34.71286763616073,0.023560076590498233,14.037536144196846
fold_a,CNN-Aug,2026,ENCFF148JKK:5573,chr16,195,202,-,0.8547098789468857,True,0.07147632080113518,0.14285714285714285,72.35087210462281,0.01877944242427862,3.806093875754718
fold_a,CNN-Aug,2026,ENCFF148JKK:5610,chr17,40,47,-,0.8494137894800587,True,0.03763688683933228,0.0,102.84337080516038,0.02189082959800709,1.7192992467840822
fold_a,CNN-Aug,2026,ENCFF148JKK:6602,chr17,166,173,+,0.8625646014227104,True,0.4962271503088097,1.0,30.41008452908861,0.02080934303324277,23.846363122376836
fold_a,CNN-Aug,2026,ENCFF148JKK:7244,chr1,8,15,-,0.8672884316806654,True,0.05888133473441646,0.14285714285714285,120.76972585716938,0.024334199332940426,2.419694764919209
fold_a,CNN-Aug,2026,ENCFF148JKK:7839,chr21,166,173,-,0.8629657630149966,True,0.1891379388967586,0.5714285714285714,66.67803411698499,0.021405804287691878,8.835824917146935
fold_a,CNN-Aug,2026,ENCFF148JKK:8125,chr1,108,115,-,0.9056192194585888,True,0.08884689946121126,0.0,60.569599781200566,0.02462342418893776,3.608226816038296
fold_a,CNN-Aug,2026,ENCFF148JKK:8151,chr1,100,107,+,0.9698314132220124,True,0.21724681630796852,0.8571428571428571,45.09703808488056,0.02438489560092855,8.909073053390312
fold_a,CNN-Aug,2026,ENCFF148JKK:8724,chr1,241,248,-,0.8631062706160901,True,0.019288845297305235,0.0,155.49056156789118,0.025885022167486085,0.7451739918358563
fold_a,CNN-Aug,2026,ENCFF148JKK:8839,chr1,121,128,+,0.9280384492532245,True,0.1468579291348338,0.7142857142857143,45.86668172422675,0.027457259697434854,5.348601089589204
fold_a,CNN-Aug,2026,ENCFF148JKK:9502,chr1,188,195,-,0.9698314132220124,True,0.4284534598715407,0.8571428571428571,44.46102867383914,0.02331236359387903,18.378808229639866
fold_a,CNN-Aug,2026,ENCFF148JKK:9668,chr16,110,117,-,0.8978698624752371,True,0.27895937326322556,0.7142857142857143,37.913419792328746,0.017325276806362633,16.101293871436383
fold_a,CNN-RCPS,2026,ENCFF148JKK:10557,chr17,90,97,-,0.8342254144890079,True,0.18306963297169557,0.8571428571428571,59.63425583147667,0.022855833279436313,8.009755353632443
fold_a,CNN-RCPS,2026,ENCFF148JKK:11004,chr1,167,174,+,0.9698314132220124,True,0.15614526492405909,0.14285714285714285,53.07902024565113,0.01930869118268661,8.086786589868337
fold_a,CNN-RCPS,2026,ENCFF148JKK:11815,chr1,128,135,+,0.9698314132220124,True,0.3738823771402541,1.0,42.971447093900224,0.019937019090187146,18.753173453311092
fold_a,CNN-RCPS,2026,ENCFF148JKK:11989,chr1,74,81,-,0.9698314132220124,True,0.2741497920750334,0.8571428571428571,53.44099917265187,0.023308017586578376,11.762038150893583
fold_a,CNN-RCPS,2026,ENCFF148JKK:12238,chr1,109,116,+,0.9698314132220124,True,0.32997222608782173,0.7142857142857143,37.415923442157464,0.021748071855785263,15.17248187682647
fold_a,CNN-RCPS,2026,ENCFF148JKK:1274,chr1,20,27,+,0.718938163499549,False,0.08409663510908155,0.14285714285714285,104.8005127637068,0.02036086815445464,4.130306943256863
fold_a,CNN-RCPS,2026,ENCFF148JKK:13217,chr17,52,59,-,0.8643940012669953,True,0.03247103755842244,0.0,90.49270185879448,0.04089307371660665,0.7940473681056647
fold_a,CNN-RCPS,2026,ENCFF148JKK:13351,chr1,66,73,-,0.8643940012669953,True,0.0027335093388622224,0.0,70.21433224884072,0.030911263873875567,0.08843084999744796
fold_a,CNN-RCPS,2026,ENCFF148JKK:13583,chr1,122,129,-,0.9698314132220124,True,0.04364523834709502,0.0,37.7750958604461,0.03216128843547163,1.3570736892169224
fold_a,CNN-RCPS,2026,ENCFF148JKK:13765,chr1,186,193,-,0.8625646014227104,True,0.035672196641563,0.0,76.19516716005384,0.02365745571776834,1.507862767117885
fold_a,CNN-RCPS,2026,ENCFF148JKK:13971,chr16,161,168,-,0.8978698624752371,True,0.008867353908267473,0.0,71.08032853743052,0.02275628527019654,0.38966614291309104
fold_a,CNN-RCPS,2026,ENCFF148JKK:1407,chr1,63,70,-,0.7585592931454146,False,0.01632563919871546,0.0,79.44813801934913,0.02543320374973113,0.6419025836997846
fold_a,CNN-RCPS,2026,ENCFF148JKK:14272,chr1,147,154,+,0.9698314132220124,True,0.28961014910434874,0.7142857142857143,43.259838064584706,0.02337933544815092,12.387441454297372
fold_a,CNN-RCPS,2026,ENCFF148JKK:14328,chr1,118,125,+,0.9698314132220124,True,0.33007758850104757,0.7142857142857143,26.586471214341486,0.022875620010733667,14.429230261132552
fold_a,CNN-RCPS,2026,ENCFF148JKK:14545,chr16,92,99,+,0.9698314132220124,True,0.062141017603468476,0.0,69.88915116130319,0.023770988543515552,2.6141536978873274
fold_a,CNN-RCPS,2026,ENCFF148JKK:1753,chr17,247,254,+,0.7227918043219376,False,0.10422847934969316,0.42857142857142855,112.65362213164694,0.024080243504943893,4.328381452134988
fold_a,CNN-RCPS,2026,ENCFF148JKK:1923,chr17,71,78,-,0.7770393947166989,False,0.02938186702411472,0.0,88.19493260977704,0.028401054526450913,1.0345343690231763
fold_a,CNN-RCPS,2026,ENCFF148JKK:1953,chr1,49,56,+,0.7774522387332831,False,0.02749433075222437,0.0,78.71096535970473,0.02895364314237406,0.9495983153838776
fold_a,CNN-RCPS,2026,ENCFF148JKK:2417,chr1,0,7,-,0.8828598264768451,True,0.02860302608288415,0.0,130.02454026415958,0.025618292566252924,1.1165079018795745
fold_a,CNN-RCPS,2026,ENCFF148JKK:2538,chr16,50,57,-,0.893134349792984,True,0.08561951086524068,0.0,77.7323357108872,0.0263508049152513,3.249218046302862
fold_a,CNN-RCPS,2026,ENCFF148JKK:2883,chr1,150,157,+,0.8397698382294303,True,0.09913158742953807,0.14285714285714285,46.89128242141193,0.020473851953228588,4.84186305810938
fold_a,CNN-RCPS,2026,ENCFF148JKK:3628,chr1,31,38,-,0.8629657630149966,True,0.4017672968547807,0.8571428571428571,64.22643453918771,0.019757206455698034,20.335227946100137
fold_a,CNN-RCPS,2026,ENCFF148JKK:4248,chr1,198,205,+,0.8778326924731494,True,0.017346096779777376,0.0,111.21653736908297,0.030068885704934697,0.5768786030182241
fold_a,CNN-RCPS,2026,ENCFF148JKK:4285,chr17,78,85,+,0.8978698624752371,True,0.018799571048772543,0.0,104.57039223173761,0.030963357927838366,0.6071554349042462
fold_a,CNN-RCPS,2026,ENCFF148JKK:4717,chr1,105,112,-,0.9698314132220124,True,0.21258060879869672,0.5714285714285714,65.27187770137179,0.025955218901501705,8.19028379631186
fold_a,CNN-RCPS,2026,ENCFF148JKK:4723,chr17,35,42,+,0.8547098789468857,True,0.05120906142282443,0.14285714285714285,76.61730684058543,0.024948154073464887,2.0526192547965265
fold_a,CNN-RCPS,2026,ENCFF148JKK:498,chr16,239,246,+,0.7618510197256483,False,0.009101828968930723,0.0,126.74190930628716,0.028007578511985227,0.32497736157503926
fold_a,CNN-RCPS,2026,ENCFF148JKK:5086,chr1,221,228,-,0.9698314132220124,True,0.31975382510460526,0.8571428571428571,55.039366022997676,0.023170201596345915,13.800217653480944
fold_a,CNN-RCPS,2026,ENCFF148JKK:5088,chr17,94,101,-,0.8978698624752371,True,0.4221537125268501,0.8571428571428571,30.72277095203479,0.021151251332404808,19.958805552089906
fold_a,CNN-RCPS,2026,ENCFF148JKK:5573,chr16,195,202,-,0.8547098789468857,True,0.08179659317643566,0.14285714285714285,71.83928715076048,0.022190059782020478,3.686181739929851
fold_a,CNN-RCPS,2026,ENCFF148JKK:5610,chr17,40,47,-,0.8494137894800587,True,0.02600073682989563,0.0,96.0588704177005,0.02086935156513249,1.2458813944816767
fold_a,CNN-RCPS,2026,ENCFF148JKK:6602,chr17,166,173,+,0.8625646014227104,True,0.42874230004842684,1.0,44.20457854319563,0.021763638453302245,19.699936707199473
fold_a,CNN-RCPS,2026,ENCFF148JKK:7244,chr1,8,15,-,0.8672884316806654,True,0.020102127639216313,0.0,124.98464495029994,0.02667341229422658,0.7536391451335751
fold_a,CNN-RCPS,2026,ENCFF148JKK:7839,chr21,166,173,-,0.8629657630149966,True,0.09714524622225154,0.0,66.85863487169762,0.019570564573425007,4.963844852701167
fold_a,CNN-RCPS,2026,ENCFF148JKK:8125,chr1,108,115,-,0.9056192194585888,True,0.022383544788165125,0.0,64.70917181032411,0.02519008920644747,0.8885853719976505
fold_a,CNN-RCPS,2026,ENCFF148JKK:8151,chr1,100,107,+,0.9698314132220124,True,0.12450678732343975,0.7142857142857143,48.77776372282261,0.020177106599793306,6.170695818433908
fold_a,CNN-RCPS,2026,ENCFF148JKK:8724,chr1,241,248,-,0.8631062706160901,True,0.021889328864015397,0.0,160.69991757362405,0.023463798640704126,0.9328979164542693
fold_a,CNN-RCPS,2026,ENCFF148JKK:8839,chr1,121,128,+,0.9280384492532245,True,0.08640496754740104,0.14285714285714285,40.81616595988654,0.028764875693503396,3.0038359445062985
fold_a,CNN-RCPS,2026,ENCFF148JKK:9502,chr1,188,195,-,0.9698314132220124,True,0.38832071327812295,0.8571428571428571,42.397173016804395,0.02312407217200036,16.79292083114663
fold_a,CNN-RCPS,2026,ENCFF148JKK:9668,chr16,110,117,-,0.8978698624752371,True,0.2233037012955116,0.7142857142857143,46.38011064473515,0.01774401627386872,12.584732669816516
fold_a,CNN-Raw,2026,ENCFF148JKK:10557,chr17,90,97,-,0.8342254144890079,True,0.25600834680415185,0.8571428571428571,55.655585383360545,0.02557031557230166,10.011935366236381
fold_a,CNN-Raw,2026,ENCFF148JKK:11004,chr1,167,174,+,0.9698314132220124,True,0.312079622743431,0.8571428571428571,40.88206217627855,0.0185996984832478,16.77874633422213
fold_a,CNN-Raw,2026,ENCFF148JKK:11815,chr1,128,135,+,0.9698314132220124,True,0.4333992470358821,0.7142857142857143,37.757908056458724,0.019145752051511977,22.63683588243564
fold_a,CNN-Raw,2026,ENCFF148JKK:11989,chr1,74,81,-,0.9698314132220124,True,0.258582843998448,0.8571428571428571,64.43601432050568,0.020165247909082806,12.823191917317189
fold_a,CNN-Raw,2026,ENCFF148JKK:12238,chr1,109,116,+,0.9698314132220124,True,0.5049311263747839,1.0,29.909706462715086,0.020917400305353752,24.1392868618357
fold_a,CNN-Raw,2026,ENCFF148JKK:1274,chr1,20,27,+,0.718938163499549,False,0.07939858914290043,0.2857142857142857,107.31770024349775,0.016936303670065957,4.688070708323053
fold_a,CNN-Raw,2026,ENCFF148JKK:13217,chr17,52,59,-,0.8643940012669953,True,0.007882524692843987,0.0,98.97883767923724,0.047257890017947474,0.16679806673235692
fold_a,CNN-Raw,2026,ENCFF148JKK:13351,chr1,66,73,-,0.8643940012669953,True,0.015788069453753387,0.0,73.25593870300122,0.03189056399723512,0.49507024883981976
fold_a,CNN-Raw,2026,ENCFF148JKK:13583,chr1,122,129,-,0.9698314132220124,True,0.14471969972250678,0.0,27.860249199010994,0.03183195204104969,4.5463658507615206
fold_a,CNN-Raw,2026,ENCFF148JKK:13765,chr1,186,193,-,0.8625646014227104,True,0.14009583302723702,0.42857142857142855,58.97033863818425,0.021309992457345453,6.574185012390591
fold_a,CNN-Raw,2026,ENCFF148JKK:13971,chr16,161,168,-,0.8978698624752371,True,0.08645860685001899,0.0,82.07449593062367,0.025700604229360668,3.364069034269929
fold_a,CNN-Raw,2026,ENCFF148JKK:1407,chr1,63,70,-,0.7585592931454146,False,0.05998905446905061,0.0,51.45750376941134,0.023509328694721703,2.551712779553731
fold_a,CNN-Raw,2026,ENCFF148JKK:14272,chr1,147,154,+,0.9698314132220124,True,0.47043526447120804,0.8571428571428571,31.104983867556623,0.021049936953645446,22.34853555652753
fold_a,CNN-Raw,2026,ENCFF148JKK:14328,chr1,118,125,+,0.9698314132220124,True,0.31370804998790347,0.7142857142857143,31.14328526283975,0.02111617385370876,14.856292250729176
fold_a,CNN-Raw,2026,ENCFF148JKK:14545,chr16,92,99,+,0.9698314132220124,True,0.06564225797046574,0.0,59.82823715338457,0.02176406219984716,3.016084835988326
fold_a,CNN-Raw,2026,ENCFF148JKK:1753,chr17,247,254,+,0.7227918043219376,False,0.1119814569502929,0.42857142857142855,105.63629765758718,0.02301700153814655,4.865162682667581
fold_a,CNN-Raw,2026,ENCFF148JKK:1923,chr17,71,78,-,0.7770393947166989,False,0.007926976246149249,0.0,68.71404704134883,0.022367913998827975,0.3543905009007368
fold_a,CNN-Raw,2026,ENCFF148JKK:1953,chr1,49,56,+,0.7774522387332831,False,0.02976467987539493,0.0,65.6960869612637,0.030577905491983616,0.973404796584191
fold_a,CNN-Raw,2026,ENCFF148JKK:2417,chr1,0,7,-,0.8828598264768451,True,0.0017376411991355148,0.0,135.62372631127224,0.02612290488922553,0.06651791623113898
fold_a,CNN-Raw,2026,ENCFF148JKK:2538,chr16,50,57,-,0.893134349792984,True,0.09139860752064516,0.14285714285714285,74.13894090490987,0.023291394465951718,3.924136343758003
fold_a,CNN-Raw,2026,ENCFF148JKK:2883,chr1,150,157,+,0.8397698382294303,True,0.09433668043519312,0.14285714285714285,45.376712532648014,0.013986193592596377,6.744986032878199
fold_a,CNN-Raw,2026,ENCFF148JKK:3628,chr1,31,38,-,0.8629657630149966,True,0.42118675038420106,0.8571428571428571,44.63706859625663,0.02218684791616061,18.983622728914735
fold_a,CNN-Raw,2026,ENCFF148JKK:4248,chr1,198,205,+,0.8778326924731494,True,0.027872722909827348,0.0,102.4520951458272,0.03209417187578531,0.8684668050543158
fold_a,CNN-Raw,2026,ENCFF148JKK:4285,chr17,78,85,+,0.8978698624752371,True,0.08103285140694903,0.0,91.00859503608186,0.023326767777952045,3.4738139539220487
fold_a,CNN-Raw,2026,ENCFF148JKK:4717,chr1,105,112,-,0.9698314132220124,True,0.27930352160003286,0.42857142857142855,65.59347991535219,0.025879533705749573,10.792447992908809
fold_a,CNN-Raw,2026,ENCFF148JKK:4723,chr17,35,42,+,0.8547098789468857,True,0.11451341305232643,0.2857142857142857,62.189002062884065,0.023705530645023377,4.830662294259454
fold_a,CNN-Raw,2026,ENCFF148JKK:498,chr16,239,246,+,0.7618510197256483,False,0.01097509923870868,0.0,105.52413036683706,0.02454658693933155,0.44711304532211893
fold_a,CNN-Raw,2026,ENCFF148JKK:5086,chr1,221,228,-,0.9698314132220124,True,0.48143595969972275,1.0,33.26238705456643,0.019568930033460823,24.60205840976066
fold_a,CNN-Raw,2026,ENCFF148JKK:5088,chr17,94,101,-,0.8978698624752371,True,0.4967826890920318,1.0,25.36488313602839,0.02197742528527319,22.60422604757619
fold_a,CNN-Raw,2026,ENCFF148JKK:5573,chr16,195,202,-,0.8547098789468857,True,0.08781439400632826,0.14285714285714285,59.15648719211273,0.020358081948923988,4.313490545260803
fold_a,CNN-Raw,2026,ENCFF148JKK:5610,chr17,40,47,-,0.8494137894800587,True,0.03667538389458285,0.0,102.93322246361258,0.018412170671698945,1.9919098377116393
fold_a,CNN-Raw,2026,ENCFF148JKK:6602,chr17,166,173,+,0.8625646014227104,True,0.5686008853550665,1.0,24.42914474108055,0.017848361659988765,31.857315320414926
fold_a,CNN-Raw,2026,ENCFF148JKK:7244,chr1,8,15,-,0.8672884316806654,True,0.018456480573322186,0.0,133.9970251042548,0.025300474218759597,0.7294914875404674
fold_a,CNN-Raw,2026,ENCFF148JKK:7839,chr21,166,173,-,0.8629657630149966,True,0.27564044211101485,0.7142857142857143,57.916305374696556,0.021563197830626935,12.782911156132577
fold_a,CNN-Raw,2026,ENCFF148JKK:8125,chr1,108,115,-,0.9056192194585888,True,0.03565537651240473,0.0,56.82072954542786,0.02575200292067362,1.3845671197785054
fold_a,CNN-Raw,2026,ENCFF148JKK:8151,chr1,100,107,+,0.9698314132220124,True,0.13721911741950268,0.2857142857142857,58.76854899289111,0.025933974043328582,5.2910948854289375
fold_a,CNN-Raw,2026,ENCFF148JKK:8724,chr1,241,248,-,0.8631062706160901,True,0.018848472387758736,0.0,168.60816598255127,0.021270547515848774,0.8861300995526636
fold_a,CNN-Raw,2026,ENCFF148JKK:8839,chr1,121,128,+,0.9280384492532245,True,0.150493799865312,0.2857142857142857,34.37240773072376,0.025777282708304268,5.838233671419127
fold_a,CNN-Raw,2026,ENCFF148JKK:9502,chr1,188,195,-,0.9698314132220124,True,0.5377028635916784,1.0,31.956233331615774,0.022120849711277417,24.307513979336537
fold_a,CNN-Raw,2026,ENCFF148JKK:9668,chr16,110,117,-,0.8978698624752371,True,0.2599036057880808,0.7142857142857143,45.04180791687664,0.016746364353278583,15.520001852652703
fold_b,CNN-Aug,42,ENCFF148JKK:10078,chr6,144,151,+,0.9698314132220124,True,0.292776202613403,0.5714285714285714,58.383415838715,0.030385159615674916,9.635499905762131
fold_b,CNN-Aug,42,ENCFF148JKK:10145,chr4,106,113,-,0.8373102092232515,True,0.06789172346671216,0.14285714285714285,51.278199643286925,0.02097767756385603,3.236379397101982
fold_b,CNN-Aug,42,ENCFF148JKK:10388,chr12,100,107,-,0.9698314132220124,True,0.12883272822133499,0.7142857142857143,54.35221409931278,0.02498784065743751,5.155816782551338
fold_b,CNN-Aug,42,ENCFF148JKK:10577,chr12,158,165,-,0.9056192194585888,True,0.07627810482471323,0.0,70.99045742204473,0.022848625096725993,3.338411151734605
fold_b,CNN-Aug,42,ENCFF148JKK:11139,chr20,123,130,-,0.9698314132220124,True,0.08224939964655256,0.0,51.229295213648456,0.028424113870429438,2.8936486822943452
fold_b,CNN-Aug,42,ENCFF148JKK:12812,chr12,246,253,+,0.8978698624752371,True,0.04473116188194857,0.0,116.76373251362413,0.032627881261962005,1.3709490212622761
fold_b,CNN-Aug,42,ENCFF148JKK:12825,chr6,111,118,-,0.9698314132220124,True,0.191398727055813,0.2857142857142857,30.828657744178255,0.029414513178996467,6.506948658000634
fold_b,CNN-Aug,42,ENCFF148JKK:12959,chr6,143,150,-,0.9698314132220124,True,0.4295155039754522,1.0,29.595251451287616,0.021009201063108444,20.44416171206382
fold_b,CNN-Aug,42,ENCFF148JKK:13039,chr20,155,162,-,0.791004212268221,False,0.05932577319218623,0.14285714285714285,76.60635387423098,0.029274820186999277,2.0265119585100764
fold_b,CNN-Aug,42,ENCFF148JKK:13260,chr12,106,113,-,0.9698314132220124,True,0.40604113728765245,1.0,40.65814286091553,0.021894678169049643,18.545197794303867
fold_b,CNN-Aug,42,ENCFF148JKK:14247,chr4,137,144,-,0.9698314132220124,True,0.23552267367571636,0.7142857142857143,42.334591956021306,0.02371496341053162,9.931395195453797
fold_b,CNN-Aug,42,ENCFF148JKK:14648,chr12,126,133,-,1.0,True,0.18675697060368807,0.2857142857142857,35.02460149962651,0.021251397548696534,8.787985363115233
fold_b,CNN-Aug,42,ENCFF148JKK:1530,chr12,188,195,-,0.7625451072753765,False,0.028630964386796274,0.0,88.00705266329908,0.021990781338977354,1.301953029565602
fold_b,CNN-Aug,42,ENCFF148JKK:1641,chr15,84,91,+,0.9698314132220124,True,0.34921533324682,1.0,38.93390418285377,0.01793607577182309,19.46999654157485
fold_b,CNN-Aug,42,ENCFF148JKK:2255,chr15,131,138,-,0.8625646014227104,True,0.32427421232654496,1.0,42.77192584014176,0.02426098051124438,13.366080244623735
fold_b,CNN-Aug,42,ENCFF148JKK:341,chr12,131,138,-,0.9698314132220124,True,0.3995040011492093,0.7142857142857143,39.36747865149234,0.01974497831711863,20.233195232371806
fold_b,CNN-Aug,42,ENCFF148JKK:361,chr4,38,45,+,0.8978698624752371,True,0.28692975683257144,0.7142857142857143,49.47164185673539,0.018580941349318102,15.442153948949493
fold_b,CNN-Aug,42,ENCFF148JKK:3937,chr20,134,141,+,0.9698314132220124,True,0.2537644952676884,0.8571428571428571,60.13825656629284,0.026559588102968167,9.554534290361564
fold_b,CNN-Aug,42,ENCFF148JKK:3943,chr6,144,151,+,0.9698314132220124,True,0.3897240864872381,1.0,46.51582547280143,0.025238336410281198,15.441750206977922
fold_b,CNN-Aug,42,ENCFF148JKK:4165,chr12,19,26,-,0.7605632890747431,False,0.07453145892781343,0.14285714285714285,102.26082063157116,0.024942116880095212,2.988176957317222
fold_b,CNN-Aug,42,ENCFF148JKK:4216,chr12,138,145,+,0.9698314132220124,True,0.40883787839933267,0.7142857142857143,38.93988864561206,0.022099925732936992,18.499513678908627
fold_b,CNN-Aug,42,ENCFF148JKK:453,chr6,53,60,+,0.8526912396988577,True,0.05234921111722389,0.14285714285714285,89.94226286396642,0.030419238135461987,1.720924465106721
fold_b,CNN-Aug,42,ENCFF148JKK:4664,chr15,135,142,-,0.9698314132220124,True,0.4026605900309872,1.0,39.84314406047037,0.02035242284687213,19.78440567300174
fold_b,CNN-Aug,42,ENCFF148JKK:4753,chr6,40,47,-,0.8754506326806014,True,0.21982412158297782,0.5714285714285714,67.83008546411273,0.030991264683712525,7.093099420963821
fold_b,CNN-Aug,42,ENCFF148JKK:5601,chr6,81,88,+,0.8629657630149966,True,0.08398184942092221,0.0,59.56398887017183,0.023681939891517595,3.5462402913624005
fold_b,CNN-Aug,42,ENCFF148JKK:6028,chr12,120,127,+,0.8625646014227104,True,0.22785604750600003,0.7142857142857143,43.44596865970554,0.02382692309731331,9.56296566599876
fold_b,CNN-Aug,42,ENCFF148JKK:6194,chr4,111,118,+,0.9698314132220124,True,0.13742575010290137,0.5714285714285714,67.40385519424302,0.029141168558013346,4.715862709119519
fold_b,CNN-Aug,42,ENCFF148JKK:6979,chr6,240,247,-,1.0,True,0.041459068124430024,0.0,131.49779792477833,0.041484329154479874,0.9993910705424262
fold_b,CNN-Aug,42,ENCFF148JKK:7266,chr12,139,146,+,0.8927331882006978,True,0.12652640141428803,0.5714285714285714,64.32540518571415,0.03248338432616952,3.8951114250849423
fold_b,CNN-Aug,42,ENCFF148JKK:7373,chr20,187,194,+,0.8978698624752371,True,0.2635755602220471,0.7142857142857143,60.60916140424221,0.022706661772138252,11.607851601747207
fold_b,CNN-Aug,42,ENCFF148JKK:7622,chr15,128,135,-,0.9698314132220124,True,0.3778256762625582,1.0,35.01109358826793,0.0210131217012377,17.980463904147275
fold_b,CNN-Aug,42,ENCFF148JKK:7637,chr20,171,178,-,0.8978698624752371,True,0.3262580654818448,0.7142857142857143,52.569441375183054,0.01629690510687005,20.019633380837988
fold_b,CNN-Aug,42,ENCFF148JKK:7717,chr15,102,109,-,0.8611022746867618,True,0.04996480123975699,0.0,57.80051057864437,0.02288301013498089,2.1834890141212933
fold_b,CNN-Aug,42,ENCFF148JKK:7937,chr15,106,113,-,0.8978698624752371,True,0.39901834628334354,1.0,41.98034137448045,0.025777602884673297,15.479265006467674
fold_b,CNN-Aug,42,ENCFF148JKK:8582,chr12,105,112,-,0.8611022746867618,True,0.08424838724149859,0.14285714285714285,63.69151892553676,0.030093478349974896,2.7995563112287707
fold_b,CNN-Aug,42,ENCFF148JKK:8768,chr12,127,134,-,0.8978698624752371,True,0.12726811380240918,0.0,55.653185909279195,0.023288268925570635,5.4649022737223785
fold_b,CNN-Aug,42,ENCFF148JKK:9130,chr4,65,72,-,0.8629657630149966,True,0.3018386512368111,0.7142857142857143,41.39184925377025,0.02048119255013487,14.737357236301333
fold_b,CNN-Aug,42,ENCFF148JKK:9390,chr12,121,128,+,0.8629657630149966,True,0.13188951116612008,0.2857142857142857,57.38913219810015,0.027753947116590603,4.752099245994451
fold_b,CNN-Aug,42,ENCFF148JKK:961,chr15,25,32,+,0.7673942364947273,False,0.02895213002058882,0.0,82.88098763190517,0.029121477295118756,0.9941847979477908
fold_b,CNN-Aug,42,ENCFF148JKK:9913,chr4,133,140,+,0.9698314132220124,True,0.14814939322683407,0.2857142857142857,42.08924226992148,0.022779836540862606,6.503531882728079
fold_b,CNN-RCPS,42,ENCFF148JKK:10078,chr6,144,151,+,0.9698314132220124,True,0.4463907017725426,0.8571428571428571,49.17829738825006,0.028290107855890027,15.779038526344946
fold_b,CNN-RCPS,42,ENCFF148JKK:10145,chr4,106,113,-,0.8373102092232515,True,0.16087734202664136,0.14285714285714285,39.63902286856798,0.022375243009250055,7.189970717195506
fold_b,CNN-RCPS,42,ENCFF148JKK:10388,chr12,100,107,-,0.9698314132220124,True,0.045913257192760334,0.0,58.009916200606824,0.024994872637815566,1.8369070272155201
fold_b,CNN-RCPS,42,ENCFF148JKK:10577,chr12,158,165,-,0.9056192194585888,True,0.13023217080310376,0.2857142857142857,76.87909821110226,0.021951650269272534,5.932682472870846
fold_b,CNN-RCPS,42,ENCFF148JKK:11139,chr20,123,130,-,0.9698314132220124,True,0.19137395254197972,0.5714285714285714,44.31770268239479,0.02832998645525213,6.755172751115124
fold_b,CNN-RCPS,42,ENCFF148JKK:12812,chr12,246,253,+,0.8978698624752371,True,0.05791320965575684,0.0,110.05929760632674,0.03347949942693038,1.7298110977481451
fold_b,CNN-RCPS,42,ENCFF148JKK:12825,chr6,111,118,-,0.9698314132220124,True,0.10493442252277685,0.0,30.185937332467056,0.03341192918241455,3.14062746721031
fold_b,CNN-RCPS,42,ENCFF148JKK:12959,chr6,143,150,-,0.9698314132220124,True,0.43026075136837555,1.0,34.34216983819225,0.022340530629061182,19.25920017354827
fold_b,CNN-RCPS,42,ENCFF148JKK:13039,chr20,155,162,-,0.791004212268221,False,0.06655223618797741,0.0,71.76033932880185,0.02351217903093562,2.830543102806967
fold_b,CNN-RCPS,42,ENCFF148JKK:13260,chr12,106,113,-,0.9698314132220124,True,0.4004039472390506,0.7142857142857143,44.246262083098756,0.016651406688114025,24.046253553152585
fold_b,CNN-RCPS,42,ENCFF148JKK:14247,chr4,137,144,-,0.9698314132220124,True,0.25912992682476027,0.5714285714285714,43.313551559486235,0.024082208641442757,10.760222647470423
fold_b,CNN-RCPS,42,ENCFF148JKK:14648,chr12,126,133,-,1.0,True,0.17550754129246904,0.14285714285714285,35.86610933429139,0.0207498318743132,8.45826329367684
fold_b,CNN-RCPS,42,ENCFF148JKK:1530,chr12,188,195,-,0.7625451072753765,False,0.0431196257810782,0.14285714285714285,86.69761821103648,0.021968820630855576,1.9627647066550291
fold_b,CNN-RCPS,42,ENCFF148JKK:1641,chr15,84,91,+,0.9698314132220124,True,0.34010711615920913,0.8571428571428571,49.14123936482807,0.023334498375180472,14.5752915143426
fold_b,CNN-RCPS,42,ENCFF148JKK:2255,chr15,131,138,-,0.8625646014227104,True,0.42542499673937334,0.8571428571428571,36.757488761372365,0.019786114812088813,21.501189130846925
fold_b,CNN-RCPS,42,ENCFF148JKK:341,chr12,131,138,-,0.9698314132220124,True,0.3648409858294168,0.5714285714285714,46.247428989212494,0.01895153197918905,19.251266136693012
fold_b,CNN-RCPS,42,ENCFF148JKK:361,chr4,38,45,+,0.8978698624752371,True,0.42424434580265846,0.8571428571428571,43.26093397541954,0.01965586833570874,21.58359725232466
fold_b,CNN-RCPS,42,ENCFF148JKK:3937,chr20,134,141,+,0.9698314132220124,True,0.30643820858018667,0.8571428571428571,57.23437640198981,0.024576621926272742,12.468687092126363
fold_b,CNN-RCPS,42,ENCFF148JKK:3943,chr6,144,151,+,0.9698314132220124,True,0.3798409365652296,0.8571428571428571,42.87323155918118,0.020168230814885696,18.83362700732669
fold_b,CNN-RCPS,42,ENCFF148JKK:4165,chr12,19,26,-,0.7605632890747431,False,0.144240485426924,0.42857142857142855,76.72293206234832,0.027388049256916173,5.2665483428141435
fold_b,CNN-RCPS,42,ENCFF148JKK:4216,chr12,138,145,+,0.9698314132220124,True,0.5028035911271685,1.0,32.72457713906792,0.021590227458879792,23.288480498169633
fold_b,CNN-RCPS,42,ENCFF148JKK:453,chr6,53,60,+,0.8526912396988577,True,0.026226770365491862,0.0,78.88916506709901,0.02937380682278215,0.8928624922102549
fold_b,CNN-RCPS,42,ENCFF148JKK:4664,chr15,135,142,-,0.9698314132220124,True,0.47652674655609056,0.8571428571428571,35.947797498983384,0.019568252763170757,24.352033486247556
fold_b,CNN-RCPS,42,ENCFF148JKK:4753,chr6,40,47,-,0.8754506326806014,True,0.308613905750698,0.8571428571428571,65.50881382214273,0.02534438649413686,12.17681500485689
fold_b,CNN-RCPS,42,ENCFF148JKK:5601,chr6,81,88,+,0.8629657630149966,True,0.02843535316845869,0.0,60.68098010605144,0.022248601098006023,1.278073755882438
fold_b,CNN-RCPS,42,ENCFF148JKK:6028,chr12,120,127,+,0.8625646014227104,True,0.29359756759436745,0.5714285714285714,43.35822462728693,0.025636393306965467,11.452374133868368
fold_b,CNN-RCPS,42,ENCFF148JKK:6194,chr4,111,118,+,0.9698314132220124,True,0.23878611703489283,0.7142857142857143,52.312449563119486,0.026929920132268206,8.866944865119462
fold_b,CNN-RCPS,42,ENCFF148JKK:6979,chr6,240,247,-,1.0,True,0.08970540220480404,0.0,112.82442904906776,0.03694115721803547,2.4283322169725623
fold_b,CNN-RCPS,42,ENCFF148JKK:7266,chr12,139,146,+,0.8927331882006978,True,0.2741885690924917,0.8571428571428571,45.175393194775744,0.024452225346552676,11.21323581827481
fold_b,CNN-RCPS,42,ENCFF148JKK:7373,chr20,187,194,+,0.8978698624752371,True,0.20610228974009065,0.7142857142857143,70.20225356457637,0.021268851312421618,9.69033478642643
fold_b,CNN-RCPS,42,ENCFF148JKK:7622,chr15,128,135,-,0.9698314132220124,True,0.4139141736693472,1.0,32.84770880653582,0.0209352464198393,19.771163203366985
fold_b,CNN-RCPS,42,ENCFF148JKK:7637,chr20,171,178,-,0.8978698624752371,True,0.4044963647458192,0.7142857142857143,47.44994972072448,0.014077248172535486,28.734050844893527
fold_b,CNN-RCPS,42,ENCFF148JKK:7717,chr15,102,109,-,0.8611022746867618,True,0.07639018818531237,0.2857142857142857,69.33097534050627,0.027009322670459378,2.828289665659103
fold_b,CNN-RCPS,42,ENCFF148JKK:7937,chr15,106,113,-,0.8978698624752371,True,0.4040957153943494,1.0,47.20383076628265,0.028452183225146685,14.202625935474803
fold_b,CNN-RCPS,42,ENCFF148JKK:8582,chr12,105,112,-,0.8611022746867618,True,0.0549119312577154,0.14285714285714285,55.54185015918747,0.02666403706232858,2.0594004999826505
fold_b,CNN-RCPS,42,ENCFF148JKK:8768,chr12,127,134,-,0.8978698624752371,True,0.016751524372366423,0.0,67.83951410600143,0.027735708443995595,0.6039695869384905
fold_b,CNN-RCPS,42,ENCFF148JKK:9130,chr4,65,72,-,0.8629657630149966,True,0.3741982043374319,0.7142857142857143,47.359798311029344,0.017745794301576488,21.086585248212256
fold_b,CNN-RCPS,42,ENCFF148JKK:9390,chr12,121,128,+,0.8629657630149966,True,0.16017822320206065,0.5714285714285714,60.67282181201513,0.02798096894892531,5.724541687403315
fold_b,CNN-RCPS,42,ENCFF148JKK:961,chr15,25,32,+,0.7673942364947273,False,0.028796028641257385,0.0,80.86845461325495,0.02683227480716946,1.073186259763679
fold_b,CNN-RCPS,42,ENCFF148JKK:9913,chr4,133,140,+,0.9698314132220124,True,0.23239583689712984,0.2857142857142857,33.33722449627708,0.02023350295722573,11.485694661395115
fold_b,CNN-Raw,42,ENCFF148JKK:10078,chr6,144,151,+,0.9698314132220124,True,0.32798896493410323,1.0,48.98498949371977,0.02605676404506184,12.58747879694072
fold_b,CNN-Raw,42,ENCFF148JKK:10145,chr4,106,113,-,0.8373102092232515,True,0.08030986796274525,0.0,45.825775638051425,0.0220072606466108,3.6492441859233975
fold_b,CNN-Raw,42,ENCFF148JKK:10388,chr12,100,107,-,0.9698314132220124,True,0.07576658489475546,0.14285714285714285,56.368272441604006,0.02702898357101162,2.803160714338313
fold_b,CNN-Raw,42,ENCFF148JKK:10577,chr12,158,165,-,0.9056192194585888,True,0.17182024874544546,0.7142857142857143,59.84653738801742,0.028220688512122727,6.08844992111503
fold_b,CNN-Raw,42,ENCFF148JKK:11139,chr20,123,130,-,0.9698314132220124,True,0.012668257936888486,0.0,50.15586053242406,0.02791472437297668,0.4538199183923237
fold_b,CNN-Raw,42,ENCFF148JKK:12812,chr12,246,253,+,0.8978698624752371,True,0.0353947514170709,0.0,113.03465906170615,0.032190561409818436,1.0995381834588058
fold_b,CNN-Raw,42,ENCFF148JKK:12825,chr6,111,118,-,0.9698314132220124,True,0.17270517275263544,0.2857142857142857,34.84799157826881,0.030148230698513693,5.72853427054178
fold_b,CNN-Raw,42,ENCFF148JKK:12959,chr6,143,150,-,0.9698314132220124,True,0.3181725936723647,0.7142857142857143,31.311600621359144,0.022006904460410506,14.457853181702307
fold_b,CNN-Raw,42,ENCFF148JKK:13039,chr20,155,162,-,0.791004212268221,False,0.04867704852183647,0.0,77.49742057472696,0.02832340790106471,1.7186155243700967
fold_b,CNN-Raw,42,ENCFF148JKK:13260,chr12,106,113,-,0.9698314132220124,True,0.3528192233147772,0.7142857142857143,47.30654036403881,0.0196739064276542,17.933358817791493
fold_b,CNN-Raw,42,ENCFF148JKK:14247,chr4,137,144,-,0.9698314132220124,True,0.18160003073231018,0.2857142857142857,46.1725738005648,0.02556360894794278,7.103849503492126
fold_b,CNN-Raw,42,ENCFF148JKK:14648,chr12,126,133,-,1.0,True,0.16170848203731417,0.14285714285714285,38.712020993205144,0.02215749455559441,7.2981393104522
fold_b,CNN-Raw,42,ENCFF148JKK:1530,chr12,188,195,-,0.7625451072753765,False,0.014268471039748657,0.0,81.8415490671528,0.021117776265916995,0.6756616255461156
fold_b,CNN-Raw,42,ENCFF148JKK:1641,chr15,84,91,+,0.9698314132220124,True,0.3203019035810897,0.8571428571428571,41.60395461206445,0.01973452551310483,16.23053482427998
fold_b,CNN-Raw,42,ENCFF148JKK:2255,chr15,131,138,-,0.8625646014227104,True,0.30965761206835474,0.8571428571428571,40.21004313646385,0.021235516233897703,14.582061893746493
fold_b,CNN-Raw,42,ENCFF148JKK:341,chr12,131,138,-,0.9698314132220124,True,0.31208065136370094,0.5714285714285714,41.769876067276655,0.02051449673054928,15.21268863978341
fold_b,CNN-Raw,42,ENCFF148JKK:361,chr4,38,45,+,0.8978698624752371,True,0.3230776545296066,0.7142857142857143,43.51577075660336,0.01761824687370159,18.33767325691515
fold_b,CNN-Raw,42,ENCFF148JKK:3937,chr20,134,141,+,0.9698314132220124,True,0.22394274723736227,0.8571428571428571,59.20666811086617,0.027991341159115814,8.000429345788309
fold_b,CNN-Raw,42,ENCFF148JKK:3943,chr6,144,151,+,0.9698314132220124,True,0.40528233060951935,0.8571428571428571,43.77021316068033,0.024153610294136034,16.779368619187874
fold_b,CNN-Raw,42,ENCFF148JKK:4165,chr12,19,26,-,0.7605632890747431,False,0.11480185571896197,0.42857142857142855,100.34703488893452,0.027768019520976413,4.13431918082018
fold_b,CNN-Raw,42,ENCFF148JKK:4216,chr12,138,145,+,0.9698314132220124,True,0.4228429539378582,1.0,33.607375913622306,0.02269836947755228,18.628780994865377
fold_b,CNN-Raw,42,ENCFF148JKK:453,chr6,53,60,+,0.8526912396988577,True,0.048231278330753864,0.14285714285714285,79.4768402517868,0.029626251114031214,1.6279912752076542
fold_b,CNN-Raw,42,ENCFF148JKK:4664,chr15,135,142,-,0.9698314132220124,True,0.3740144657393432,0.8571428571428571,37.00912489263525,0.021273339613818058,17.581370510176164
fold_b,CNN-Raw,42,ENCFF148JKK:4753,chr6,40,47,-,0.8754506326806014,True,0.19058073955405586,0.5714285714285714,79.5753690845031,0.03461025659566237,5.506481554890897
fold_b,CNN-Raw,42,ENCFF148JKK:5601,chr6,81,88,+,0.8629657630149966,True,0.007918769891592053,0.0,55.15457933855765,0.02676701641539192,0.2958405886073465
fold_b,CNN-Raw,42,ENCFF148JKK:6028,chr12,120,127,+,0.8625646014227104,True,0.19806166852741117,0.7142857142857143,50.88038565721262,0.025211046800812,7.856146160540702
fold_b,CNN-Raw,42,ENCFF148JKK:6194,chr4,111,118,+,0.9698314132220124,True,0.1295973207718207,0.2857142857142857,54.3924506291918,0.02743143306210977,4.724409420331367
fold_b,CNN-Raw,42,ENCFF148JKK:6979,chr6,240,247,-,1.0,True,0.01774735093200616,0.0,116.0490357919948,0.039723233571087944,0.4467750818987542
fold_b,CNN-Raw,42,ENCFF148JKK:7266,chr12,139,146,+,0.8927331882006978,True,0.07376827718607387,0.14285714285714285,66.28187918599131,0.03323801731789716,2.2193946311699224
fold_b,CNN-Raw,42,ENCFF148JKK:7373,chr20,187,194,+,0.8978698624752371,True,0.20143562991147185,0.7142857142857143,63.115024802341594,0.02547162526085335,7.90823623732612
fold_b,CNN-Raw,42,ENCFF148JKK:7622,chr15,128,135,-,0.9698314132220124,True,0.3943783232975551,1.0,35.17734108956467,0.022858330985357635,17.253154814766752
fold_b,CNN-Raw,42,ENCFF148JKK:7637,chr20,171,178,-,0.8978698624752371,True,0.22853723275765714,0.7142857142857143,58.892928970694356,0.01793442097809194,12.742939013020282
fold_b,CNN-Raw,42,ENCFF148JKK:7717,chr15,102,109,-,0.8611022746867618,True,0.033695795695732764,0.0,59.600917289791035,0.023565540897835024,1.4298757597721174
fold_b,CNN-Raw,42,ENCFF148JKK:7937,chr15,106,113,-,0.8978698624752371,True,0.3951932849877531,1.0,41.114956378053485,0.02653153222397691,14.89523038667972
fold_b,CNN-Raw,42,ENCFF148JKK:8582,chr12,105,112,-,0.8611022746867618,True,0.06270208496344284,0.14285714285714285,64.00938617076385,0.0260364600457956,2.408241552544239
fold_b,CNN-Raw,42,ENCFF148JKK:8768,chr12,127,134,-,0.8978698624752371,True,0.07332604624274122,0.0,58.79911774590541,0.02305117550670467,3.181011147193495
fold_b,CNN-Raw,42,ENCFF148JKK:9130,chr4,65,72,-,0.8629657630149966,True,0.21177224741320763,0.5714285714285714,45.86707280255028,0.021953759369072377,9.646286262549836
fold_b,CNN-Raw,42,ENCFF148JKK:9390,chr12,121,128,+,0.8629657630149966,True,0.1081526949345219,0.2857142857142857,64.92128779473241,0.027298236916342353,3.961893043347984
fold_b,CNN-Raw,42,ENCFF148JKK:961,chr15,25,32,+,0.7673942364947273,False,0.049749781739502966,0.14285714285714285,93.14615635121291,0.026968851740852187,1.844712641737817
fold_b,CNN-Raw,42,ENCFF148JKK:9913,chr4,133,140,+,0.9698314132220124,True,0.16792159449245248,0.42857142857142855,39.909215639896786,0.021952899585806068,7.649176084284755
fold_b,CNN-Aug,123,ENCFF148JKK:10078,chr6,144,151,+,0.9698314132220124,True,0.3478811480638285,0.7142857142857143,56.28773352698909,0.028940217479863382,12.020681886923773
fold_b,CNN-Aug,123,ENCFF148JKK:10145,chr4,106,113,-,0.8373102092232515,True,0.11880209303878635,0.14285714285714285,40.729656928426785,0.022075275645870703,5.381681069110859
fold_b,CNN-Aug,123,ENCFF148JKK:10388,chr12,100,107,-,0.9698314132220124,True,0.03307693919430569,0.0,77.50116193279803,0.02890912468684087,1.144169515770983
fold_b,CNN-Aug,123,ENCFF148JKK:10577,chr12,158,165,-,0.9056192194585888,True,0.1425423829964276,0.5714285714285714,59.85012708977844,0.022083178205718743,6.454794761358865
fold_b,CNN-Aug,123,ENCFF148JKK:11139,chr20,123,130,-,0.9698314132220124,True,0.16462593039158838,0.5714285714285714,45.93930292842433,0.02667312512034374,6.171977586009495
fold_b,CNN-Aug,123,ENCFF148JKK:12812,chr12,246,253,+,0.8978698624752371,True,0.04893853888806893,0.0,110.30972478671733,0.03219724959287553,1.5199602297364505
fold_b,CNN-Aug,123,ENCFF148JKK:12825,chr6,111,118,-,0.9698314132220124,True,0.275577865885297,0.5714285714285714,29.02607733568163,0.027780190292112775,9.919941619821726
fold_b,CNN-Aug,123,ENCFF148JKK:12959,chr6,143,150,-,0.9698314132220124,True,0.38319085052673496,0.7142857142857143,32.079667395428764,0.024364344254845762,15.727525703899177
fold_b,CNN-Aug,123,ENCFF148JKK:13039,chr20,155,162,-,0.791004212268221,False,0.05267729626427124,0.0,84.4376057533125,0.025356973067355085,2.0774284108890235
fold_b,CNN-Aug,123,ENCFF148JKK:13260,chr12,106,113,-,0.9698314132220124,True,0.4317857464522869,0.7142857142857143,43.34044912181312,0.0181778921869454,23.753345107986572
fold_b,CNN-Aug,123,ENCFF148JKK:14247,chr4,137,144,-,0.9698314132220124,True,0.335376794775622,1.0,39.771086870353095,0.023034936305965297,14.559484355455774
fold_b,CNN-Aug,123,ENCFF148JKK:14648,chr12,126,133,-,1.0,True,0.18283836148364901,0.42857142857142855,42.87475687655613,0.024366229675758532,7.503760898451646
fold_b,CNN-Aug,123,ENCFF148JKK:1530,chr12,188,195,-,0.7625451072753765,False,0.03170512376669545,0.14285714285714285,78.8343401469124,0.02199064810328488,1.44175485951046
fold_b,CNN-Aug,123,ENCFF148JKK:1641,chr15,84,91,+,0.9698314132220124,True,0.29198809848149404,0.8571428571428571,45.113162176166185,0.01753655844012985,16.650250930269305
fold_b,CNN-Aug,123,ENCFF148JKK:2255,chr15,131,138,-,0.8625646014227104,True,0.3674729463536628,0.8571428571428571,42.014668459288885,0.024033540354049397,15.290004757528264
fold_b,CNN-Aug,123,ENCFF148JKK:341,chr12,131,138,-,0.9698314132220124,True,0.35902472176131595,0.5714285714285714,44.48158588642855,0.021213329399502868,16.924487193873944
fold_b,CNN-Aug,123,ENCFF148JKK:361,chr4,38,45,+,0.8978698624752371,True,0.38467109283406065,0.8571428571428571,49.71485541843942,0.019511666389880524,19.714927733367016
fold_b,CNN-Aug,123,ENCFF148JKK:3937,chr20,134,141,+,0.9698314132220124,True,0.2856908327869224,0.7142857142857143,60.38249994798109,0.02682825246713161,10.648879688937397
fold_b,CNN-Aug,123,ENCFF148JKK:3943,chr6,144,151,+,0.9698314132220124,True,0.370114803317951,0.7142857142857143,46.05527589941384,0.023802257512656032,15.549567225762312
fold_b,CNN-Aug,123,ENCFF148JKK:4165,chr12,19,26,-,0.7605632890747431,False,0.09763926726570173,0.14285714285714285,79.21427055416274,0.0292161834787174,3.3419583135089255
fold_b,CNN-Aug,123,ENCFF148JKK:4216,chr12,138,145,+,0.9698314132220124,True,0.38922240702727484,0.7142857142857143,44.06342134921995,0.022466905537685718,17.324255286265295
fold_b,CNN-Aug,123,ENCFF148JKK:453,chr6,53,60,+,0.8526912396988577,True,0.04443511599172179,0.0,83.20286145310544,0.02914708156972408,1.524513385171222
fold_b,CNN-Aug,123,ENCFF148JKK:4664,chr15,135,142,-,0.9698314132220124,True,0.42343146809615595,1.0,38.375970357482366,0.022076662208243347,19.180049234890596
fold_b,CNN-Aug,123,ENCFF148JKK:4753,chr6,40,47,-,0.8754506326806014,True,0.22780808261375074,0.8571428571428571,72.05147416285857,0.02555468796553363,8.914531960672042
fold_b,CNN-Aug,123,ENCFF148JKK:5601,chr6,81,88,+,0.8629657630149966,True,0.023280512197836067,0.0,61.050288359880234,0.02152451525977802,1.0815812536015343
fold_b,CNN-Aug,123,ENCFF148JKK:6028,chr12,120,127,+,0.8625646014227104,True,0.2060902467489485,0.5714285714285714,54.81504338091203,0.02688990709173552,7.6642230873415444
fold_b,CNN-Aug,123,ENCFF148JKK:6194,chr4,111,118,+,0.9698314132220124,True,0.13060592402227217,0.42857142857142855,65.81844802475835,0.028596990229680264,4.567121328968347
fold_b,CNN-Aug,123,ENCFF148JKK:6979,chr6,240,247,-,1.0,True,0.024912555879395063,0.0,128.53981152282734,0.03772303563408469,0.6604069757547639
fold_b,CNN-Aug,123,ENCFF148JKK:7266,chr12,139,146,+,0.8927331882006978,True,0.2424759129092018,0.8571428571428571,50.62767586957382,0.027852703185201624,8.705650984642356
fold_b,CNN-Aug,123,ENCFF148JKK:7373,chr20,187,194,+,0.8978698624752371,True,0.25196660988999525,0.7142857142857143,71.48591213328261,0.02390693883896051,10.539476073756958
fold_b,CNN-Aug,123,ENCFF148JKK:7622,chr15,128,135,-,0.9698314132220124,True,0.38033939211245704,1.0,33.59954638264414,0.021843577355486584,17.411955281991613
fold_b,CNN-Aug,123,ENCFF148JKK:7637,chr20,171,178,-,0.8978698624752371,True,0.34483615985124605,0.7142857142857143,53.11962765796135,0.015503535145912276,22.24242126752407
fold_b,CNN-Aug,123,ENCFF148JKK:7717,chr15,102,109,-,0.8611022746867618,True,0.061604549169983334,0.14285714285714285,60.09796076393145,0.025092204333305185,2.4551270327499632
fold_b,CNN-Aug,123,ENCFF148JKK:7937,chr15,106,113,-,0.8978698624752371,True,0.3720838342266666,0.8571428571428571,46.32225188986901,0.027250855369542658,13.654024036343896
fold_b,CNN-Aug,123,ENCFF148JKK:8582,chr12,105,112,-,0.8611022746867618,True,0.08132727664455622,0.14285714285714285,63.97042737265404,0.026233802162573927,3.1000949134464615
fold_b,CNN-Aug,123,ENCFF148JKK:8768,chr12,127,134,-,0.8978698624752371,True,0.13779858044669518,0.2857142857142857,57.71474962691675,0.023091705132309508,5.96744933547111
fold_b,CNN-Aug,123,ENCFF148JKK:9130,chr4,65,72,-,0.8629657630149966,True,0.3091887678570735,0.7142857142857143,43.54555700698814,0.01912867995162936,16.163622823891572
fold_b,CNN-Aug,123,ENCFF148JKK:9390,chr12,121,128,+,0.8629657630149966,True,0.1056173555976807,0.14285714285714285,68.57706343793272,0.029767760659299806,3.548045041294854
fold_b,CNN-Aug,123,ENCFF148JKK:961,chr15,25,32,+,0.7673942364947273,False,0.05327896048670232,0.0,81.53940345243741,0.0284690028513115,1.871472659754498
fold_b,CNN-Aug,123,ENCFF148JKK:9913,chr4,133,140,+,0.9698314132220124,True,0.22412338856932854,0.2857142857142857,36.47931951878843,0.02217845984138278,10.105453226789752
fold_b,CNN-RCPS,123,ENCFF148JKK:10078,chr6,144,151,+,0.9698314132220124,True,0.32575163343248126,0.7142857142857143,53.76896226985926,0.029006617650791024,11.230252260163049
fold_b,CNN-RCPS,123,ENCFF148JKK:10145,chr4,106,113,-,0.8373102092232515,True,0.08605404923583806,0.0,49.28228231530376,0.02287136780737134,3.7625230795380427
fold_b,CNN-RCPS,123,ENCFF148JKK:10388,chr12,100,107,-,0.9698314132220124,True,0.046000151081188906,0.0,62.387944541679,0.026729958773810666,1.720921138354268
fold_b,CNN-RCPS,123,ENCFF148JKK:10577,chr12,158,165,-,0.9056192194585888,True,0.1653230462274176,0.7142857142857143,59.46574508597909,0.024479333874868503,6.753576182771259
fold_b,CNN-RCPS,123,ENCFF148JKK:11139,chr20,123,130,-,0.9698314132220124,True,0.12232340956010321,0.7142857142857143,48.089780951870786,0.029362882024111275,4.165919730211005
fold_b,CNN-RCPS,123,ENCFF148JKK:12812,chr12,246,253,+,0.8978698624752371,True,0.036170145546825086,0.0,97.95941286066277,0.03363218119936874,1.0754623773109304
fold_b,CNN-RCPS,123,ENCFF148JKK:12825,chr6,111,118,-,0.9698314132220124,True,0.2002863546531186,0.2857142857142857,27.807193596357685,0.03018093698742473,6.636187429719973
fold_b,CNN-RCPS,123,ENCFF148JKK:12959,chr6,143,150,-,0.9698314132220124,True,0.3644834158540008,1.0,35.254433789714035,0.024377046994248263,14.951910128408919
fold_b,CNN-RCPS,123,ENCFF148JKK:13039,chr20,155,162,-,0.791004212268221,False,0.05170023615136157,0.0,78.79035771976905,0.025760607018324416,2.0069494524948652
fold_b,CNN-RCPS,123,ENCFF148JKK:13260,chr12,106,113,-,0.9698314132220124,True,0.41730813634793984,0.8571428571428571,42.11154418054445,0.020308136454476388,20.54881486951775
fold_b,CNN-RCPS,123,ENCFF148JKK:14247,chr4,137,144,-,0.9698314132220124,True,0.20768272765029971,0.2857142857142857,44.71333405661366,0.0245233365062745,8.468779425555015
fold_b,CNN-RCPS,123,ENCFF148JKK:14648,chr12,126,133,-,1.0,True,0.11272104400237397,0.14285714285714285,37.265485705855035,0.022373240604426442,5.0382081878685305
fold_b,CNN-RCPS,123,ENCFF148JKK:1530,chr12,188,195,-,0.7625451072753765,False,0.029350964302363843,0.14285714285714285,88.69521889236505,0.019687218742280518,1.490863929871889
fold_b,CNN-RCPS,123,ENCFF148JKK:1641,chr15,84,91,+,0.9698314132220124,True,0.31135301681901983,1.0,39.154414150713514,0.019047257527231548,16.346343633663984
fold_b,CNN-RCPS,123,ENCFF148JKK:2255,chr15,131,138,-,0.8625646014227104,True,0.3563290946060222,0.8571428571428571,40.49083885468326,0.023394369252882585,15.23140422185635
fold_b,CNN-RCPS,123,ENCFF148JKK:341,chr12,131,138,-,0.9698314132220124,True,0.3320319045409156,0.5714285714285714,46.83543262904827,0.020122851260783815,16.500241453754224
fold_b,CNN-RCPS,123,ENCFF148JKK:361,chr4,38,45,+,0.8978698624752371,True,0.386027929181463,0.7142857142857143,45.72439788918212,0.01814968322022892,21.269127647980735
fold_b,CNN-RCPS,123,ENCFF148JKK:3937,chr20,134,141,+,0.9698314132220124,True,0.0634125210096593,0.14285714285714285,72.51484091939261,0.027810448458305638,2.2801689481825327
fold_b,CNN-RCPS,123,ENCFF148JKK:3943,chr6,144,151,+,0.9698314132220124,True,0.3731529159130034,1.0,43.87152756336396,0.02208028832725618,16.899820798643233
fold_b,CNN-RCPS,123,ENCFF148JKK:4165,chr12,19,26,-,0.7605632890747431,False,0.05627283632960682,0.14285714285714285,112.02584233848951,0.025085535913551275,2.243238355502227
fold_b,CNN-RCPS,123,ENCFF148JKK:4216,chr12,138,145,+,0.9698314132220124,True,0.39261567837960526,0.8571428571428571,38.64023280339458,0.022867130743988627,17.16943340094459
fold_b,CNN-RCPS,123,ENCFF148JKK:453,chr6,53,60,+,0.8526912396988577,True,0.06624722754109048,0.0,78.54415753893407,0.028374261332110736,2.3347648337234235
fold_b,CNN-RCPS,123,ENCFF148JKK:4664,chr15,135,142,-,0.9698314132220124,True,0.34388238677348826,0.7142857142857143,45.30873751543822,0.02483616582771425,13.846033609171501
fold_b,CNN-RCPS,123,ENCFF148JKK:4753,chr6,40,47,-,0.8754506326806014,True,0.20226013997750267,0.7142857142857143,73.04313617452084,0.03240404706215563,6.241817251701264
fold_b,CNN-RCPS,123,ENCFF148JKK:5601,chr6,81,88,+,0.8629657630149966,True,0.11809645431689253,0.0,52.8850209501798,0.022063092047615095,5.352670154392894
fold_b,CNN-RCPS,123,ENCFF148JKK:6028,chr12,120,127,+,0.8625646014227104,True,0.2835291230454793,0.8571428571428571,44.421289274686096,0.02491088257154918,11.3817373684423
fold_b,CNN-RCPS,123,ENCFF148JKK:6194,chr4,111,118,+,0.9698314132220124,True,0.28070924051006263,0.8571428571428571,50.61513131333288,0.025911937356686097,10.833201572156117
fold_b,CNN-RCPS,123,ENCFF148JKK:6979,chr6,240,247,-,1.0,True,0.015962012749263302,0.0,134.7620313049329,0.04278364344939205,0.3730868028606414
fold_b,CNN-RCPS,123,ENCFF148JKK:7266,chr12,139,146,+,0.8927331882006978,True,0.08830693804179225,0.14285714285714285,63.327386415306506,0.03078925008797804,2.868109414469713
fold_b,CNN-RCPS,123,ENCFF148JKK:7373,chr20,187,194,+,0.8978698624752371,True,0.23600349159437692,0.7142857142857143,67.36250218883447,0.02211549070315412,10.67141103772651
fold_b,CNN-RCPS,123,ENCFF148JKK:7622,chr15,128,135,-,0.9698314132220124,True,0.39330383701533916,1.0,32.7184381928875,0.021111189653492596,18.630112441355084
fold_b,CNN-RCPS,123,ENCFF148JKK:7637,chr20,171,178,-,0.8978698624752371,True,0.3247960249046685,0.8571428571428571,51.20363953968772,0.017608231130470456,18.44569295450807
fold_b,CNN-RCPS,123,ENCFF148JKK:7717,chr15,102,109,-,0.8611022746867618,True,0.036788715690693564,0.0,65.75208023634471,0.02724657910757644,1.350214114786386
fold_b,CNN-RCPS,123,ENCFF148JKK:7937,chr15,106,113,-,0.8978698624752371,True,0.3725780287253165,0.8571428571428571,46.78607607906179,0.026249195357077593,14.193883799369795
fold_b,CNN-RCPS,123,ENCFF148JKK:8582,chr12,105,112,-,0.8611022746867618,True,0.08844986849694282,0.14285714285714285,66.6103827294486,0.02772211276415037,3.190589016408744
fold_b,CNN-RCPS,123,ENCFF148JKK:8768,chr12,127,134,-,0.8978698624752371,True,0.1401838216837916,0.2857142857142857,55.18429384885697,0.021949287805891785,6.3867139072349515
fold_b,CNN-RCPS,123,ENCFF148JKK:9130,chr4,65,72,-,0.8629657630149966,True,0.21634479565068637,0.5714285714285714,50.69908296654966,0.021548068142722622,10.040101702748327
fold_b,CNN-RCPS,123,ENCFF148JKK:9390,chr12,121,128,+,0.8629657630149966,True,0.1741514128598621,0.7142857142857143,57.33009416124606,0.028046339265532707,6.209416894342567
fold_b,CNN-RCPS,123,ENCFF148JKK:961,chr15,25,32,+,0.7673942364947273,False,0.04229992870665094,0.0,85.53976951452086,0.03147545846157678,1.343901908793099
fold_b,CNN-RCPS,123,ENCFF148JKK:9913,chr4,133,140,+,0.9698314132220124,True,0.17353463297611765,0.2857142857142857,35.70195145519197,0.02218424020451995,7.822428506736086
fold_b,CNN-Raw,123,ENCFF148JKK:10078,chr6,144,151,+,0.9698314132220124,True,0.3662113714239175,0.8571428571428571,49.42110532165246,0.02813016308381944,13.018458881049412
fold_b,CNN-Raw,123,ENCFF148JKK:10145,chr4,106,113,-,0.8373102092232515,True,0.06832931224580709,0.14285714285714285,51.29568274474403,0.024340033613913535,2.807280931886137
fold_b,CNN-Raw,123,ENCFF148JKK:10388,chr12,100,107,-,0.9698314132220124,True,0.009129572931685592,0.0,73.29645899901108,0.028418367260401346,0.32125606823326897
fold_b,CNN-Raw,123,ENCFF148JKK:10577,chr12,158,165,-,0.9056192194585888,True,0.1071440001904517,0.42857142857142855,70.19584062629247,0.024755801999434897,4.328035916303478
fold_b,CNN-Raw,123,ENCFF148JKK:11139,chr20,123,130,-,0.9698314132220124,True,0.022899772896045216,0.0,56.509566838921515,0.027912912746445664,0.8204006906789474
fold_b,CNN-Raw,123,ENCFF148JKK:12812,chr12,246,253,+,0.8978698624752371,True,0.0947684774066233,0.14285714285714285,115.70991221089336,0.03302169556243181,2.8698852615684483
fold_b,CNN-Raw,123,ENCFF148JKK:12825,chr6,111,118,-,0.9698314132220124,True,0.20589555577065435,0.2857142857142857,27.656085565443124,0.02940852512284413,7.001220051348906
fold_b,CNN-Raw,123,ENCFF148JKK:12959,chr6,143,150,-,0.9698314132220124,True,0.30572010180035586,0.8571428571428571,36.63893068372723,0.022323935657221634,13.694722404445633
fold_b,CNN-Raw,123,ENCFF148JKK:13039,chr20,155,162,-,0.791004212268221,False,0.03629223247728369,0.0,72.47639150014669,0.023297092227064158,1.557800953164581
fold_b,CNN-Raw,123,ENCFF148JKK:13260,chr12,106,113,-,0.9698314132220124,True,0.3604760725885354,0.7142857142857143,47.95533481252813,0.017927725454002837,20.107183898671856
fold_b,CNN-Raw,123,ENCFF148JKK:14247,chr4,137,144,-,0.9698314132220124,True,0.22176414745828651,0.7142857142857143,49.66093247897688,0.02542389993016211,8.722664424712928
fold_b,CNN-Raw,123,ENCFF148JKK:14648,chr12,126,133,-,1.0,True,0.06958190805437826,0.14285714285714285,43.80343142918993,0.023422780637401993,2.970693750308552
fold_b,CNN-Raw,123,ENCFF148JKK:1530,chr12,188,195,-,0.7625451072753765,False,0.014722189790112718,0.0,80.58172447434406,0.025184970711963107,0.5845625138297077
fold_b,CNN-Raw,123,ENCFF148JKK:1641,chr15,84,91,+,0.9698314132220124,True,0.234398837599387,0.8571428571428571,53.37355159906537,0.022530344147585247,10.403695392487352
fold_b,CNN-Raw,123,ENCFF148JKK:2255,chr15,131,138,-,0.8625646014227104,True,0.3113717721936941,0.8571428571428571,45.846645500113446,0.022686489390698436,13.724987010169936
fold_b,CNN-Raw,123,ENCFF148JKK:341,chr12,131,138,-,0.9698314132220124,True,0.3037785039670927,0.5714285714285714,50.542127245992404,0.020556835370069367,14.777493641331217
fold_b,CNN-Raw,123,ENCFF148JKK:361,chr4,38,45,+,0.8978698624752371,True,0.3208077125269072,0.7142857142857143,56.00588284081053,0.018973001270324554,16.9086433904729
fold_b,CNN-Raw,123,ENCFF148JKK:3937,chr20,134,141,+,0.9698314132220124,True,0.2288448676293211,0.8571428571428571,59.12467760846871,0.025112914748378394,9.112636662142064
fold_b,CNN-Raw,123,ENCFF148JKK:3943,chr6,144,151,+,0.9698314132220124,True,0.3265382842099594,0.8571428571428571,48.984262350618394,0.020753126907534867,15.734413694131206
fold_b,CNN-Raw,123,ENCFF148JKK:4165,chr12,19,26,-,0.7605632890747431,False,0.08366377233165162,0.14285714285714285,92.81397686736416,0.02685693902142853,3.1151641020928795
fold_b,CNN-Raw,123,ENCFF148JKK:4216,chr12,138,145,+,0.9698314132220124,True,0.3379968061025976,0.8571428571428571,43.08282439338437,0.02450091931170663,13.795270365267537
fold_b,CNN-Raw,123,ENCFF148JKK:453,chr6,53,60,+,0.8526912396988577,True,0.023324632353506996,0.0,81.7218206808846,0.031025441433039168,0.7517905072792441
fold_b,CNN-Raw,123,ENCFF148JKK:4664,chr15,135,142,-,0.9698314132220124,True,0.34209211591850686,0.8571428571428571,42.57233086006452,0.02307694439198247,14.823977997596534
fold_b,CNN-Raw,123,ENCFF148JKK:4753,chr6,40,47,-,0.8754506326806014,True,0.21866351602094583,0.8571428571428571,75.35050002566376,0.027166882907704096,8.048899712338228
fold_b,CNN-Raw,123,ENCFF148JKK:5601,chr6,81,88,+,0.8629657630149966,True,0.011978387447837887,0.0,58.495575512355394,0.02349659891297595,0.5097923955804023
fold_b,CNN-Raw,123,ENCFF148JKK:6028,chr12,120,127,+,0.8625646014227104,True,0.20619753334555657,0.7142857142857143,51.7981486168194,0.024558212355974027,8.396276176649193
fold_b,CNN-Raw,123,ENCFF148JKK:6194,chr4,111,118,+,0.9698314132220124,True,0.1573332220829987,0.7142857142857143,60.94455275715231,0.026725613851596733,5.886982538797655
fold_b,CNN-Raw,123,ENCFF148JKK:6979,chr6,240,247,-,1.0,True,0.017239335522060882,0.0,116.4100204492871,0.0331379497386498,0.5202293943355861
fold_b,CNN-Raw,123,ENCFF148JKK:7266,chr12,139,146,+,0.8927331882006978,True,0.16772670641142165,0.7142857142857143,54.62228923974729,0.022655154341395818,7.40346783270194
fold_b,CNN-Raw,123,ENCFF148JKK:7373,chr20,187,194,+,0.8978698624752371,True,0.27110281202471886,0.7142857142857143,63.02363173384935,0.024023274811235992,11.285006484541425
fold_b,CNN-Raw,123,ENCFF148JKK:7622,chr15,128,135,-,0.9698314132220124,True,0.31014940005504565,1.0,43.67617116538203,0.025187214618145364,12.313763342120726
fold_b,CNN-Raw,123,ENCFF148JKK:7637,chr20,171,178,-,0.8978698624752371,True,0.22156313834426522,0.5714285714285714,64.73663353184247,0.017926547484878194,12.359498588959372
fold_b,CNN-Raw,123,ENCFF148JKK:7717,chr15,102,109,-,0.8611022746867618,True,0.07090077896040468,0.14285714285714285,60.272530635300946,0.023564074758169767,3.008850535742893
fold_b,CNN-Raw,123,ENCFF148JKK:7937,chr15,106,113,-,0.8978698624752371,True,0.3565464103275603,1.0,48.089544580870616,0.024963584395349528,14.282660882384398
fold_b,CNN-Raw,123,ENCFF148JKK:8582,chr12,105,112,-,0.8611022746867618,True,0.052673887709297255,0.14285714285714285,74.11815155323659,0.029864279601274166,1.7637756012386756
fold_b,CNN-Raw,123,ENCFF148JKK:8768,chr12,127,134,-,0.8978698624752371,True,0.10451497520056571,0.14285714285714285,55.97164905886969,0.026977221698650834,3.874193435041261
fold_b,CNN-Raw,123,ENCFF148JKK:9130,chr4,65,72,-,0.8629657630149966,True,0.2274032665674739,0.42857142857142855,51.18781787457134,0.020570608260854092,11.054766280306001
fold_b,CNN-Raw,123,ENCFF148JKK:9390,chr12,121,128,+,0.8629657630149966,True,0.21642049425494064,0.8571428571428571,56.23826646686995,0.02948084378812054,7.341054951152667
fold_b,CNN-Raw,123,ENCFF148JKK:961,chr15,25,32,+,0.7673942364947273,False,0.05960445141364786,0.14285714285714285,88.67132062719709,0.02744790831170781,2.1715480369855285
fold_b,CNN-Raw,123,ENCFF148JKK:9913,chr4,133,140,+,0.9698314132220124,True,0.2867939145834736,0.42857142857142855,34.62656943084371,0.02122578521007898,13.51158092598104
fold_b,CNN-Aug,2026,ENCFF148JKK:10078,chr6,144,151,+,0.9698314132220124,True,0.34909938873561175,0.7142857142857143,58.39709923564828,0.03231174035082604,10.804103553236406
fold_b,CNN-Aug,2026,ENCFF148JKK:10145,chr4,106,113,-,0.8373102092232515,True,0.12400480362611416,0.14285714285714285,43.258163891165296,0.018780120375657926,6.602982363565914
fold_b,CNN-Aug,2026,ENCFF148JKK:10388,chr12,100,107,-,0.9698314132220124,True,0.13996097600118157,0.42857142857142855,46.08782386616621,0.024541694842489324,5.702987381249052
fold_b,CNN-Aug,2026,ENCFF148JKK:10577,chr12,158,165,-,0.9056192194585888,True,0.1913663061722255,0.7142857142857143,51.704647907371,0.02165104527391446,8.838663618831687
fold_b,CNN-Aug,2026,ENCFF148JKK:11139,chr20,123,130,-,0.9698314132220124,True,0.2520426645479334,1.0,36.19745428980596,0.025728371163084792,9.796293086348411
fold_b,CNN-Aug,2026,ENCFF148JKK:12812,chr12,246,253,+,0.8978698624752371,True,0.05029549230922615,0.0,105.26898141031737,0.03473575793043383,1.4479457281442998
fold_b,CNN-Aug,2026,ENCFF148JKK:12825,chr6,111,118,-,0.9698314132220124,True,0.10389462562403905,0.0,33.30203832123549,0.03025819148999024,3.433603282549408
fold_b,CNN-Aug,2026,ENCFF148JKK:12959,chr6,143,150,-,0.9698314132220124,True,0.43635998360891204,1.0,24.817784525922228,0.020804249602558236,20.974560099262323
fold_b,CNN-Aug,2026,ENCFF148JKK:13039,chr20,155,162,-,0.791004212268221,False,0.08536272077646408,0.0,68.69365178750395,0.02286774283623759,3.732887910615875
fold_b,CNN-Aug,2026,ENCFF148JKK:13260,chr12,106,113,-,0.9698314132220124,True,0.532749092970188,1.0,27.91372195942295,0.017912891488785682,29.741099771843878
fold_b,CNN-Aug,2026,ENCFF148JKK:14247,chr4,137,144,-,0.9698314132220124,True,0.2702795630098327,0.42857142857142855,33.813487061034564,0.023519107715830906,11.491913990763573
fold_b,CNN-Aug,2026,ENCFF148JKK:14648,chr12,126,133,-,1.0,True,0.21186259881370317,0.2857142857142857,30.0345464663286,0.019815847954250163,10.691573699134194
fold_b,CNN-Aug,2026,ENCFF148JKK:1530,chr12,188,195,-,0.7625451072753765,False,0.036106582461404836,0.14285714285714285,66.0183447494825,0.020867207172941618,1.7303025825240297
fold_b,CNN-Aug,2026,ENCFF148JKK:1641,chr15,84,91,+,0.9698314132220124,True,0.37598385965038866,1.0,35.803258431105746,0.019689606914677693,19.09554930576649
fold_b,CNN-Aug,2026,ENCFF148JKK:2255,chr15,131,138,-,0.8625646014227104,True,0.34314432053197713,0.8571428571428571,42.76333416301008,0.022122566226024837,15.511054053408346
fold_b,CNN-Aug,2026,ENCFF148JKK:341,chr12,131,138,-,0.9698314132220124,True,0.36485995177932534,0.7142857142857143,41.230062746073656,0.01918644582631278,19.01654715429093
fold_b,CNN-Aug,2026,ENCFF148JKK:361,chr4,38,45,+,0.8978698624752371,True,0.38210883002236157,0.8571428571428571,47.49342791704463,0.018028243677427114,21.195011386538678
fold_b,CNN-Aug,2026,ENCFF148JKK:3937,chr20,134,141,+,0.9698314132220124,True,0.2584473304024675,0.8571428571428571,50.862888395298334,0.02206852171965653,11.711130164748068
fold_b,CNN-Aug,2026,ENCFF148JKK:3943,chr6,144,151,+,0.9698314132220124,True,0.35292353593791,1.0,52.867580077449645,0.02481412767175154,14.222685584860551
fold_b,CNN-Aug,2026,ENCFF148JKK:4165,chr12,19,26,-,0.7605632890747431,False,0.0978109587648619,0.2857142857142857,107.10249838692326,0.02240333399114679,4.365910841819982
fold_b,CNN-Aug,2026,ENCFF148JKK:4216,chr12,138,145,+,0.9698314132220124,True,0.41063543373971306,0.8571428571428571,36.48428975464381,0.019841821047561554,20.695450924358468
fold_b,CNN-Aug,2026,ENCFF148JKK:453,chr6,53,60,+,0.8526912396988577,True,0.0698355623179908,0.14285714285714285,71.45598321903701,0.025752145965905894,2.711834672358893
fold_b,CNN-Aug,2026,ENCFF148JKK:4664,chr15,135,142,-,0.9698314132220124,True,0.46702393478810145,1.0,27.25501036651998,0.01932802188649363,24.163048734669353
fold_b,CNN-Aug,2026,ENCFF148JKK:4753,chr6,40,47,-,0.8754506326806014,True,0.1309595129378381,0.14285714285714285,86.86497389270959,0.031018026294093597,4.222045326035952
fold_b,CNN-Aug,2026,ENCFF148JKK:5601,chr6,81,88,+,0.8629657630149966,True,0.16428691350013452,0.7142857142857143,50.417509565714006,0.0227187820152459,7.231325754606319
fold_b,CNN-Aug,2026,ENCFF148JKK:6028,chr12,120,127,+,0.8625646014227104,True,0.34411530509444144,0.8571428571428571,34.49111865393146,0.023451277115910038,14.673627512634843
fold_b,CNN-Aug,2026,ENCFF148JKK:6194,chr4,111,118,+,0.9698314132220124,True,0.30988397001436224,0.8571428571428571,46.74403038264145,0.024161293750231495,12.825636458784132
fold_b,CNN-Aug,2026,ENCFF148JKK:6979,chr6,240,247,-,1.0,True,0.06181948185259434,0.0,111.61074230921304,0.03603796286649055,1.7153988998106329
fold_b,CNN-Aug,2026,ENCFF148JKK:7266,chr12,139,146,+,0.8927331882006978,True,0.12591322936975843,0.2857142857142857,51.17304713419021,0.028902773765969305,4.356441024979103
fold_b,CNN-Aug,2026,ENCFF148JKK:7373,chr20,187,194,+,0.8978698624752371,True,0.23710569522360425,0.7142857142857143,66.24963737895051,0.02452520356723454,9.667838008911593
fold_b,CNN-Aug,2026,ENCFF148JKK:7622,chr15,128,135,-,0.9698314132220124,True,0.38813763196162543,1.0,30.23689747585744,0.021423343817403503,18.117509351939603
fold_b,CNN-Aug,2026,ENCFF148JKK:7637,chr20,171,178,-,0.8978698624752371,True,0.41654275197610346,0.8571428571428571,39.813276506225186,0.0166199340716829,25.062840212213022
fold_b,CNN-Aug,2026,ENCFF148JKK:7717,chr15,102,109,-,0.8611022746867618,True,0.06348597328045809,0.2857142857142857,54.65950257291777,0.02373092292430591,2.675242487743023
fold_b,CNN-Aug,2026,ENCFF148JKK:7937,chr15,106,113,-,0.8978698624752371,True,0.38326831644332127,1.0,41.609064873806915,0.027330973288458116,14.02322238576025
fold_b,CNN-Aug,2026,ENCFF148JKK:8582,chr12,105,112,-,0.8611022746867618,True,0.06465138492794255,0.14285714285714285,66.81815299406074,0.028785497185550152,2.245970757816074
fold_b,CNN-Aug,2026,ENCFF148JKK:8768,chr12,127,134,-,0.8978698624752371,True,0.25128259154894894,0.7142857142857143,46.42698834660805,0.020610719515991287,12.19183985081092
fold_b,CNN-Aug,2026,ENCFF148JKK:9130,chr4,65,72,-,0.8629657630149966,True,0.2919758362259256,0.5714285714285714,44.1269339889621,0.022977390324531326,12.707093020664047
fold_b,CNN-Aug,2026,ENCFF148JKK:9390,chr12,121,128,+,0.8629657630149966,True,0.13762162506560371,0.5714285714285714,56.10960613650596,0.02411958821527465,5.705803259876948
fold_b,CNN-Aug,2026,ENCFF148JKK:961,chr15,25,32,+,0.7673942364947273,False,0.055274617888724224,0.14285714285714285,87.09782936876493,0.027569625848068855,2.004909975686014
fold_b,CNN-Aug,2026,ENCFF148JKK:9913,chr4,133,140,+,0.9698314132220124,True,0.16368449048771527,0.2857142857142857,35.04408221821852,0.02128211597364485,7.691175571565222
fold_b,CNN-RCPS,2026,ENCFF148JKK:10078,chr6,144,151,+,0.9698314132220124,True,0.34240902983085136,0.7142857142857143,61.18254623460981,0.032625201486077574,10.49523111687051
fold_b,CNN-RCPS,2026,ENCFF148JKK:10145,chr4,106,113,-,0.8373102092232515,True,0.11303140386537766,0.14285714285714285,39.620290658737346,0.020123148762544816,5.6169839620607895
fold_b,CNN-RCPS,2026,ENCFF148JKK:10388,chr12,100,107,-,0.9698314132220124,True,0.10405941120304633,0.42857142857142855,55.103661103804974,0.02526568373945491,4.11860657626087
fold_b,CNN-RCPS,2026,ENCFF148JKK:10577,chr12,158,165,-,0.9056192194585888,True,0.06883668191264265,0.0,73.97956879474705,0.02417491150059979,2.8474429745455234
fold_b,CNN-RCPS,2026,ENCFF148JKK:11139,chr20,123,130,-,0.9698314132220124,True,0.23474650094629387,0.8571428571428571,42.949881622607045,0.026603561828142788,8.823874880466773
fold_b,CNN-RCPS,2026,ENCFF148JKK:12812,chr12,246,253,+,0.8978698624752371,True,0.04586019782046702,0.0,106.12525343247981,0.0344928252407022,1.3295575964114155
fold_b,CNN-RCPS,2026,ENCFF148JKK:12825,chr6,111,118,-,0.9698314132220124,True,0.23375383738915223,0.2857142857142857,26.624377376574483,0.030547292115447322,7.652195045823597
fold_b,CNN-RCPS,2026,ENCFF148JKK:12959,chr6,143,150,-,0.9698314132220124,True,0.40060981720764816,0.8571428571428571,29.82246604364772,0.021673666657699462,18.483712217901697
fold_b,CNN-RCPS,2026,ENCFF148JKK:13039,chr20,155,162,-,0.791004212268221,False,0.0553439603548724,0.0,79.15643404533512,0.02550129504373276,2.170241168535236
fold_b,CNN-RCPS,2026,ENCFF148JKK:13260,chr12,106,113,-,0.9698314132220124,True,0.46964895473176366,1.0,38.16328162918645,0.020893608523713407,22.478115936686137
fold_b,CNN-RCPS,2026,ENCFF148JKK:14247,chr4,137,144,-,0.9698314132220124,True,0.22360132654747744,0.2857142857142857,39.709335419095645,0.02347475906368221,9.52518089497289
fold_b,CNN-RCPS,2026,ENCFF148JKK:14648,chr12,126,133,-,1.0,True,0.23709160544552854,0.2857142857142857,28.692837657235827,0.020619280914376165,11.498538985432011
fold_b,CNN-RCPS,2026,ENCFF148JKK:1530,chr12,188,195,-,0.7625451072753765,False,0.04288261178521295,0.14285714285714285,89.36678752562479,0.020495863618159513,2.092256885785412
fold_b,CNN-RCPS,2026,ENCFF148JKK:1641,chr15,84,91,+,0.9698314132220124,True,0.4131387611378128,1.0,37.20482835206922,0.01899004842047341,21.75554016452126
fold_b,CNN-RCPS,2026,ENCFF148JKK:2255,chr15,131,138,-,0.8625646014227104,True,0.37713808836886675,0.7142857142857143,41.78609777813187,0.02299299400606647,16.40230447019482
fold_b,CNN-RCPS,2026,ENCFF148JKK:341,chr12,131,138,-,0.9698314132220124,True,0.3350145193923157,0.5714285714285714,49.24931289380562,0.020558031607917217,16.29604068043637
fold_b,CNN-RCPS,2026,ENCFF148JKK:361,chr4,38,45,+,0.8978698624752371,True,0.39436621605122146,0.7142857142857143,35.001435996558556,0.017383340040542282,22.686446628292444
fold_b,CNN-RCPS,2026,ENCFF148JKK:3937,chr20,134,141,+,0.9698314132220124,True,0.23088368536818518,0.8571428571428571,59.80450381082336,0.021616537024392975,10.680882192538364
fold_b,CNN-RCPS,2026,ENCFF148JKK:3943,chr6,144,151,+,0.9698314132220124,True,0.41355012371100164,0.8571428571428571,42.99226243716152,0.020189810666773392,20.483110542070904
fold_b,CNN-RCPS,2026,ENCFF148JKK:4165,chr12,19,26,-,0.7605632890747431,False,0.057868727230771654,0.14285714285714285,102.19564398455151,0.02659008074101575,2.176327623612964
fold_b,CNN-RCPS,2026,ENCFF148JKK:4216,chr12,138,145,+,0.9698314132220124,True,0.45625617040486327,1.0,30.774413796229414,0.020727464863804227,22.012155051417324
fold_b,CNN-RCPS,2026,ENCFF148JKK:453,chr6,53,60,+,0.8526912396988577,True,0.06692406998617943,0.14285714285714285,76.24092691568725,0.02935914404147865,2.2794966328592206
fold_b,CNN-RCPS,2026,ENCFF148JKK:4664,chr15,135,142,-,0.9698314132220124,True,0.41384687205091153,0.8571428571428571,39.70623344466466,0.023245315470738825,17.803452595507316
fold_b,CNN-RCPS,2026,ENCFF148JKK:4753,chr6,40,47,-,0.8754506326806014,True,0.23100235770057972,0.8571428571428571,68.06317819515664,0.026876111554206085,8.595081071704664
fold_b,CNN-RCPS,2026,ENCFF148JKK:5601,chr6,81,88,+,0.8629657630149966,True,0.07610668589992932,0.0,57.3393955840929,0.02158349611047292,3.5261519037687417
fold_b,CNN-RCPS,2026,ENCFF148JKK:6028,chr12,120,127,+,0.8625646014227104,True,0.3905988506623809,0.8571428571428571,35.823199281713066,0.022879410871267693,17.072067670802696
fold_b,CNN-RCPS,2026,ENCFF148JKK:6194,chr4,111,118,+,0.9698314132220124,True,0.32564294942153404,0.8571428571428571,49.80048067715698,0.0243718189816772,13.361454459609817
fold_b,CNN-RCPS,2026,ENCFF148JKK:6979,chr6,240,247,-,1.0,True,0.017467564438428482,0.0,125.49490713921134,0.043854799810410225,0.3983045074642444
fold_b,CNN-RCPS,2026,ENCFF148JKK:7266,chr12,139,146,+,0.8927331882006978,True,0.1045842950299704,0.14285714285714285,55.26812041663155,0.0285829156154555,3.658979246099689
fold_b,CNN-RCPS,2026,ENCFF148JKK:7373,chr20,187,194,+,0.8978698624752371,True,0.30357621206356405,0.7142857142857143,62.63668390506,0.022444450978027226,13.525668877388025
fold_b,CNN-RCPS,2026,ENCFF148JKK:7622,chr15,128,135,-,0.9698314132220124,True,0.40725126615862894,1.0,34.3849275748837,0.02134619850796489,19.07839777685341
fold_b,CNN-RCPS,2026,ENCFF148JKK:7637,chr20,171,178,-,0.8978698624752371,True,0.38124591711350503,1.0,48.13243565844739,0.016511624320894078,23.089546473696732
fold_b,CNN-RCPS,2026,ENCFF148JKK:7717,chr15,102,109,-,0.8611022746867618,True,0.051821612700099766,0.0,64.77126525601092,0.024623117723155372,2.104591842623047
fold_b,CNN-RCPS,2026,ENCFF148JKK:7937,chr15,106,113,-,0.8978698624752371,True,0.40384296309101786,0.7142857142857143,42.25785384461993,0.029532347312897562,13.674597512086311
fold_b,CNN-RCPS,2026,ENCFF148JKK:8582,chr12,105,112,-,0.8611022746867618,True,0.05308173929183561,0.14285714285714285,69.83233750871752,0.026972446546133542,1.9679986834358856
fold_b,CNN-RCPS,2026,ENCFF148JKK:8768,chr12,127,134,-,0.8978698624752371,True,0.017078965997779763,0.0,66.32744307188739,0.028847286349775084,0.5920475773941533
fold_b,CNN-RCPS,2026,ENCFF148JKK:9130,chr4,65,72,-,0.8629657630149966,True,0.2955550661652714,0.5714285714285714,40.3871014234858,0.02281676447330721,12.953417059243183
fold_b,CNN-RCPS,2026,ENCFF148JKK:9390,chr12,121,128,+,0.8629657630149966,True,0.11705796064975779,0.2857142857142857,64.0419563699862,0.028759981236607265,4.070168185671834
fold_b,CNN-RCPS,2026,ENCFF148JKK:961,chr15,25,32,+,0.7673942364947273,False,0.04414169689592236,0.0,71.7037468208314,0.02722820181244695,1.6211756178384011
fold_b,CNN-RCPS,2026,ENCFF148JKK:9913,chr4,133,140,+,0.9698314132220124,True,0.1770668835824217,0.2857142857142857,36.97715400963814,0.0221069888245949,8.009543271014268
fold_b,CNN-Raw,2026,ENCFF148JKK:10078,chr6,144,151,+,0.9698314132220124,True,0.375454752649499,1.0,44.98854467525028,0.024377590250440388,15.401635222854576
fold_b,CNN-Raw,2026,ENCFF148JKK:10145,chr4,106,113,-,0.8373102092232515,True,0.08196076520870389,0.0,42.71610392281393,0.019452661011490697,4.213344650394598
fold_b,CNN-Raw,2026,ENCFF148JKK:10388,chr12,100,107,-,0.9698314132220124,True,0.1274294609857667,0.42857142857142855,51.934517052293174,0.025523247832973467,4.992682037163807
fold_b,CNN-Raw,2026,ENCFF148JKK:10577,chr12,158,165,-,0.9056192194585888,True,0.19299544650553335,0.42857142857142855,71.48804456748911,0.02512085994784798,7.682676743797803
fold_b,CNN-Raw,2026,ENCFF148JKK:11139,chr20,123,130,-,0.9698314132220124,True,0.11483167211918732,0.7142857142857143,48.73957141727007,0.026741215058668322,4.294183037953018
fold_b,CNN-Raw,2026,ENCFF148JKK:12812,chr12,246,253,+,0.8978698624752371,True,0.06869433879464736,0.0,120.69890974889103,0.03511924946387422,1.9560309472248403
fold_b,CNN-Raw,2026,ENCFF148JKK:12825,chr6,111,118,-,0.9698314132220124,True,0.16782641700000234,0.2857142857142857,29.636083008529347,0.029272338359818774,5.733276752169974
fold_b,CNN-Raw,2026,ENCFF148JKK:12959,chr6,143,150,-,0.9698314132220124,True,0.37772771349941164,0.8571428571428571,35.460490067485885,0.022262326416740245,16.967126724697458
fold_b,CNN-Raw,2026,ENCFF148JKK:13039,chr20,155,162,-,0.791004212268221,False,0.0887438396507654,0.0,70.06747634771892,0.02536419307146108,3.498784266494838
fold_b,CNN-Raw,2026,ENCFF148JKK:13260,chr12,106,113,-,0.9698314132220124,True,0.4179963134099385,0.8571428571428571,35.20720580948492,0.017562475252190707,23.800535369170042
fold_b,CNN-Raw,2026,ENCFF148JKK:14247,chr4,137,144,-,0.9698314132220124,True,0.2307669990003417,0.2857142857142857,39.56564313132025,0.023211254258809513,9.942030552388493
fold_b,CNN-Raw,2026,ENCFF148JKK:14648,chr12,126,133,-,1.0,True,0.12111721847053566,0.0,35.28552191906375,0.020746244861545457,5.838030895655458
fold_b,CNN-Raw,2026,ENCFF148JKK:1530,chr12,188,195,-,0.7625451072753765,False,0.019448287934682843,0.14285714285714285,84.18228743305067,0.02226844853620708,0.8733562153223726
fold_b,CNN-Raw,2026,ENCFF148JKK:1641,chr15,84,91,+,0.9698314132220124,True,0.39974181444091444,1.0,41.57876333044156,0.02235547176312152,17.881162101009405
fold_b,CNN-Raw,2026,ENCFF148JKK:2255,chr15,131,138,-,0.8625646014227104,True,0.3803730608912082,0.8571428571428571,35.79723091749312,0.024909371267751737,15.270279478456697
fold_b,CNN-Raw,2026,ENCFF148JKK:341,chr12,131,138,-,0.9698314132220124,True,0.34658535193375223,0.5714285714285714,43.96293413600594,0.02157714732963764,16.062612292482903
fold_b,CNN-Raw,2026,ENCFF148JKK:361,chr4,38,45,+,0.8978698624752371,True,0.4393045754185211,0.8571428571428571,36.911099083521066,0.01822953727976128,24.098503910257993
fold_b,CNN-Raw,2026,ENCFF148JKK:3937,chr20,134,141,+,0.9698314132220124,True,0.35616413256928253,1.0,47.19874471788561,0.022347649481880935,15.937431489519911
fold_b,CNN-Raw,2026,ENCFF148JKK:3943,chr6,144,151,+,0.9698314132220124,True,0.3706760585728616,0.8571428571428571,41.20622260145861,0.018257377543915182,20.302809518029633
fold_b,CNN-Raw,2026,ENCFF148JKK:4165,chr12,19,26,-,0.7605632890747431,False,0.09158708394584081,0.42857142857142855,96.6491768171759,0.02388397725069099,3.834666353284652
fold_b,CNN-Raw,2026,ENCFF148JKK:4216,chr12,138,145,+,0.9698314132220124,True,0.4426033738855969,1.0,34.47405791736189,0.018420472173370363,24.027797426683144
fold_b,CNN-Raw,2026,ENCFF148JKK:453,chr6,53,60,+,0.8526912396988577,True,0.06521541253072113,0.0,67.0390878591476,0.026612314972649098,2.4505726990585566
fold_b,CNN-Raw,2026,ENCFF148JKK:4664,chr15,135,142,-,0.9698314132220124,True,0.4254036354432823,1.0,34.48340581429442,0.021390791052308355,19.887232519966833
fold_b,CNN-Raw,2026,ENCFF148JKK:4753,chr6,40,47,-,0.8754506326806014,True,0.18807708147934327,0.5714285714285714,79.35526870592322,0.03304551631549755,5.691455375782392
fold_b,CNN-Raw,2026,ENCFF148JKK:5601,chr6,81,88,+,0.8629657630149966,True,0.03482244297775419,0.0,61.90127088980172,0.024760761157519462,1.4063559175837028
fold_b,CNN-Raw,2026,ENCFF148JKK:6028,chr12,120,127,+,0.8625646014227104,True,0.21038377275552791,0.7142857142857143,47.02060934503952,0.025822046694892527,8.147447614876352
fold_b,CNN-Raw,2026,ENCFF148JKK:6194,chr4,111,118,+,0.9698314132220124,True,0.31198736800092525,1.0,44.97812616232324,0.02627099147633856,11.875736333816038
fold_b,CNN-Raw,2026,ENCFF148JKK:6979,chr6,240,247,-,1.0,True,0.10867572633580896,0.14285714285714285,104.23899679953746,0.033512026985299294,3.2428872888972577
fold_b,CNN-Raw,2026,ENCFF148JKK:7266,chr12,139,146,+,0.8927331882006978,True,0.1988650439023045,0.8571428571428571,54.41634578174862,0.02759176786671403,7.207404935521002
fold_b,CNN-Raw,2026,ENCFF148JKK:7373,chr20,187,194,+,0.8978698624752371,True,0.28632085000396246,0.7142857142857143,60.23517019871006,0.02187721334649506,13.087628916405562
fold_b,CNN-Raw,2026,ENCFF148JKK:7622,chr15,128,135,-,0.9698314132220124,True,0.40236765732206936,0.8571428571428571,31.09535306990584,0.02306694899608938,17.44347106287373
fold_b,CNN-Raw,2026,ENCFF148JKK:7637,chr20,171,178,-,0.8978698624752371,True,0.30194660100196247,0.7142857142857143,53.92408514787803,0.015291939843978461,19.745474026361713
fold_b,CNN-Raw,2026,ENCFF148JKK:7717,chr15,102,109,-,0.8611022746867618,True,0.06527557839770387,0.14285714285714285,49.891736704726995,0.021538624401584567,3.0306289380719056
fold_b,CNN-Raw,2026,ENCFF148JKK:7937,chr15,106,113,-,0.8978698624752371,True,0.39670715797936335,1.0,44.68338604329116,0.023064410523635098,17.199969518962575
fold_b,CNN-Raw,2026,ENCFF148JKK:8582,chr12,105,112,-,0.8611022746867618,True,0.11191343941381977,0.14285714285714285,63.23077046666163,0.029116606698403373,3.8436291897969213
fold_b,CNN-Raw,2026,ENCFF148JKK:8768,chr12,127,134,-,0.8978698624752371,True,0.155145810125251,0.2857142857142857,54.24182652840568,0.019365528478441228,8.01144209919021
fold_b,CNN-Raw,2026,ENCFF148JKK:9130,chr4,65,72,-,0.8629657630149966,True,0.18603979570327356,0.42857142857142855,50.87886888166301,0.021980839224975214,8.463725784040593
fold_b,CNN-Raw,2026,ENCFF148JKK:9390,chr12,121,128,+,0.8629657630149966,True,0.20080007029929292,0.7142857142857143,58.022904813582116,0.024375659290253832,8.23772878953798
fold_b,CNN-Raw,2026,ENCFF148JKK:961,chr15,25,32,+,0.7673942364947273,False,0.05730004309121686,0.14285714285714285,103.06313524333513,0.029562314013679678,1.9382800366947532
fold_b,CNN-Raw,2026,ENCFF148JKK:9913,chr4,133,140,+,0.9698314132220124,True,0.23240462317571708,0.2857142857142857,28.765301199874003,0.018939943467194582,12.270608071151823
fold_c,CNN-Aug,42,ENCFF148JKK:10020,chr9,108,115,-,0.8978698624752371,True,0.31199062952860906,0.7142857142857143,40.299581911612904,0.022374275555485795,13.944166762177657
fold_c,CNN-Aug,42,ENCFF148JKK:10021,chr7,145,152,+,0.8672884316806654,True,0.06350686458989371,0.14285714285714285,59.63040312770893,0.025777694027139732,2.463636371935802
fold_c,CNN-Aug,42,ENCFF148JKK:10310,chr19,115,122,+,0.9698314132220124,True,0.13088673782833493,0.2857142857142857,63.61531044603605,0.019429517238746592,6.736489446444862
fold_c,CNN-Aug,42,ENCFF148JKK:10359,chr5,136,143,+,0.8629657630149966,True,0.31415550933863357,0.7142857142857143,37.34822472588469,0.022029284771503566,14.260812940464408
fold_c,CNN-Aug,42,ENCFF148JKK:10719,chr19,128,135,-,0.8978698624752371,True,0.3116725297147449,0.8571428571428571,48.80271021632035,0.02483974058929503,12.54733432478211
fold_c,CNN-Aug,42,ENCFF148JKK:10922,chr10,23,30,+,0.8828598264768451,True,0.028021000265403915,0.0,110.7076714940758,0.031012681418674658,0.9035336186225656
fold_c,CNN-Aug,42,ENCFF148JKK:10967,chr19,57,64,+,1.0,True,0.003403720269157263,0.0,89.36274312747703,0.02394447330904791,0.14215055913846716
fold_c,CNN-Aug,42,ENCFF148JKK:11570,chr9,144,151,-,0.9698314132220124,True,0.005691688858515681,0.0,63.88636057986275,0.03429014177112717,0.16598615708577125
fold_c,CNN-Aug,42,ENCFF148JKK:11777,chr10,185,192,-,1.0,True,0.04127855770679614,0.0,68.45764109004814,0.027219117938679756,1.5165281182068433
fold_c,CNN-Aug,42,ENCFF148JKK:11883,chr9,122,129,+,0.8978698624752371,True,0.3135468161875509,0.7142857142857143,37.67883768147011,0.022793673299211774,13.755870415076698
fold_c,CNN-Aug,42,ENCFF148JKK:12726,chr7,18,25,-,0.8778326924731494,True,0.008112764575768336,0.0,124.47377012007894,0.022137791603322937,0.366466751568417
fold_c,CNN-Aug,42,ENCFF148JKK:12909,chr7,169,176,+,0.9698314132220124,True,0.28997998046338136,0.8571428571428571,55.18077286344527,0.025326577829679925,11.449631387765194
fold_c,CNN-Aug,42,ENCFF148JKK:13192,chr10,145,152,+,0.8629657630149966,True,0.20160475815957363,0.7142857142857143,49.89064710938226,0.02802684369103889,7.193273719367599
fold_c,CNN-Aug,42,ENCFF148JKK:13357,chr5,93,100,+,0.8978698624752371,True,0.1380858042409127,0.2857142857142857,60.85503502366938,0.03354076663655232,4.116954324187345
fold_c,CNN-Aug,42,ENCFF148JKK:13433,chr5,120,127,-,0.9698314132220124,True,0.344324830909376,0.7142857142857143,33.512678953298185,0.022140770631419913,15.55161907602012
fold_c,CNN-Aug,42,ENCFF148JKK:13597,chr5,138,145,-,0.9698314132220124,True,0.19513196557307788,0.8571428571428571,48.88164112987616,0.02542884613975208,7.673646082904033
fold_c,CNN-Aug,42,ENCFF148JKK:13822,chr19,38,45,+,0.9698314132220124,True,0.11107452610919533,0.0,86.68016575063947,0.026778643712460352,4.147877215212035
fold_c,CNN-Aug,42,ENCFF148JKK:14447,chr10,121,128,-,1.0,True,0.016137223021425035,0.0,57.22215780535118,0.02453143951514848,0.6578180221124036
fold_c,CNN-Aug,42,ENCFF148JKK:14653,chr9,138,145,+,0.8978698624752371,True,0.03553944850650774,0.0,71.93993031858535,0.026370641268878565,1.3476899611254347
fold_c,CNN-Aug,42,ENCFF148JKK:231,chr10,22,29,-,0.7705658806738473,False,0.1283894092218195,0.2857142857142857,101.11589047374726,0.02403747101873905,5.341219511891667
fold_c,CNN-Aug,42,ENCFF148JKK:2361,chr19,169,176,+,0.7578095945931235,False,0.008230331305220101,0.0,81.35882823303767,0.026578481686213205,0.3096614547959427
fold_c,CNN-Aug,42,ENCFF148JKK:326,chr5,216,223,+,0.8393557872415028,True,0.0070597403660986,0.0,132.3172631672294,0.03644653219601826,0.1937012917478571
fold_c,CNN-Aug,42,ENCFF148JKK:3292,chr7,213,220,+,0.9280384492532245,True,0.051522786548867466,0.0,73.07968158488497,0.01886259666766276,2.731478992878852
fold_c,CNN-Aug,42,ENCFF148JKK:3307,chr19,136,143,+,0.9698314132220124,True,0.3647525606400337,0.8571428571428571,39.42069255291465,0.021583406847923915,16.899674977637687
fold_c,CNN-Aug,42,ENCFF148JKK:4064,chr5,144,151,-,0.8373102092232515,True,0.05202886936367808,0.0,60.14924351892489,0.024987675008107852,2.0821812892474414
fold_c,CNN-Aug,42,ENCFF148JKK:4342,chr7,122,129,+,0.9698314132220124,True,0.3465319323067319,0.7142857142857143,41.57937675017563,0.020112385110565397,17.229778089555996
fold_c,CNN-Aug,42,ENCFF148JKK:4938,chr5,125,132,-,0.8978698624752371,True,0.3632975203429911,1.0,39.14215906469625,0.02037273526702104,17.832535277238378
fold_c,CNN-Aug,42,ENCFF148JKK:6038,chr10,8,15,+,0.9280384492532245,True,0.06711019596352723,0.14285714285714285,99.63636378847434,0.026724072638753336,2.5112263714703733
fold_c,CNN-Aug,42,ENCFF148JKK:6225,chr10,145,152,-,0.8672884316806654,True,0.28672783305726773,0.8571428571428571,45.393531792963415,0.02180770526493729,13.148005696787935
fold_c,CNN-Aug,42,ENCFF148JKK:6363,chr5,83,90,+,0.8978698624752371,True,0.25738033565553947,1.0,52.068305564554244,0.02013122529909857,12.785130156337992
fold_c,CNN-Aug,42,ENCFF148JKK:6369,chr7,128,135,+,0.8978698624752371,True,0.2840568858802069,0.7142857142857143,43.554956211416915,0.022148005487097847,12.825393512101218
fold_c,CNN-Aug,42,ENCFF148JKK:7952,chr7,15,22,-,0.8547098789468857,True,0.09479835727620739,0.14285714285714285,113.1004934732972,0.027217264893839705,3.483022913799977
fold_c,CNN-Aug,42,ENCFF148JKK:8146,chr7,166,173,-,0.8611022746867618,True,0.10909780091060457,0.14285714285714285,38.70861785702446,0.022060814336231537,4.9453206598737385
fold_c,CNN-Aug,42,ENCFF148JKK:8219,chr7,176,183,+,0.8625646014227104,True,0.35532455808076874,0.7142857142857143,48.67310420911959,0.02128956754554544,16.690078712055175
fold_c,CNN-Aug,42,ENCFF148JKK:8464,chr9,88,95,-,0.8978698624752371,True,0.38788943208862053,0.7142857142857143,41.60222766780603,0.022444214581659117,17.28237941574461
fold_c,CNN-Aug,42,ENCFF148JKK:8781,chr5,120,127,+,0.8625646014227104,True,0.3522867896730387,0.7142857142857143,43.07370790433756,0.01922646174865042,18.323017218587665
fold_c,CNN-Aug,42,ENCFF148JKK:9406,chr9,124,131,-,0.8978698624752371,True,0.24457982837976722,0.42857142857142855,36.20982304851587,0.027855399381667617,8.78033823994395
fold_c,CNN-Aug,42,ENCFF148JKK:9738,chr5,125,132,-,0.8629657630149966,True,0.22667253922802685,0.8571428571428571,41.51390754155182,0.02353295178437048,9.632133754617747
fold_c,CNN-Aug,42,ENCFF148JKK:975,chr9,127,134,+,0.8978698624752371,True,0.0689538644782353,0.0,69.25469604249346,0.022670754606277006,3.0415337149449617
fold_c,CNN-Aug,42,ENCFF148JKK:9753,chr5,132,139,-,0.8629657630149966,True,0.3343838497619896,0.8571428571428571,46.19936958856131,0.025492198208016383,13.117105360370132
fold_c,CNN-RCPS,42,ENCFF148JKK:10020,chr9,108,115,-,0.8978698624752371,True,0.41005658860129385,0.8571428571428571,37.298293103474585,0.022185619020914454,18.482990635272884
fold_c,CNN-RCPS,42,ENCFF148JKK:10021,chr7,145,152,+,0.8672884316806654,True,0.11851366964286157,0.14285714285714285,58.40747598746393,0.02425655140794724,4.8858416701408185
fold_c,CNN-RCPS,42,ENCFF148JKK:10310,chr19,115,122,+,0.9698314132220124,True,0.1893866889313402,0.42857142857142855,55.57353764823652,0.018462409147804146,10.257961862678425
fold_c,CNN-RCPS,42,ENCFF148JKK:10359,chr5,136,143,+,0.8629657630149966,True,0.35730487176163145,0.7142857142857143,26.982397212568504,0.018154197672779156,19.68166691813558
fold_c,CNN-RCPS,42,ENCFF148JKK:10719,chr19,128,135,-,0.8978698624752371,True,0.3621727300321835,0.7142857142857143,54.77862185809354,0.029157053330372523,12.421444853445216
fold_c,CNN-RCPS,42,ENCFF148JKK:10922,chr10,23,30,+,0.8828598264768451,True,0.019172560008195044,0.0,102.24064367975541,0.037675291336987354,0.5088894956831447
fold_c,CNN-RCPS,42,ENCFF148JKK:10967,chr19,57,64,+,1.0,True,0.007043394492546084,0.0,94.86322421720993,0.018135244590352168,0.3883815549029388
fold_c,CNN-RCPS,42,ENCFF148JKK:11570,chr9,144,151,-,0.9698314132220124,True,0.04379805076431376,0.0,55.605729002525706,0.032727342374501374,1.3382709253666083
fold_c,CNN-RCPS,42,ENCFF148JKK:11777,chr10,185,192,-,1.0,True,0.02345838723527654,0.0,75.98441418819587,0.029943999859704556,0.7834086075736441
fold_c,CNN-RCPS,42,ENCFF148JKK:11883,chr9,122,129,+,0.8978698624752371,True,0.3423535698287888,0.5714285714285714,32.444249408558306,0.024967370771794204,13.712039323561765
fold_c,CNN-RCPS,42,ENCFF148JKK:12726,chr7,18,25,-,0.8778326924731494,True,0.005852608467591428,0.0,114.59807442463297,0.023144983212756626,0.2528672591287815
fold_c,CNN-RCPS,42,ENCFF148JKK:12909,chr7,169,176,+,0.9698314132220124,True,0.2462181656631248,0.5714285714285714,68.78653100389158,0.0336870648283453,7.308982451209269
fold_c,CNN-RCPS,42,ENCFF148JKK:13192,chr10,145,152,+,0.8629657630149966,True,0.43276636653584616,1.0,34.984678655499536,0.02387362890524892,18.1273809798014
fold_c,CNN-RCPS,42,ENCFF148JKK:13357,chr5,93,100,+,0.8978698624752371,True,0.15213964186118542,0.5714285714285714,53.54891706831538,0.026418623752241955,5.758802702516797
fold_c,CNN-RCPS,42,ENCFF148JKK:13433,chr5,120,127,-,0.9698314132220124,True,0.45377013287326556,0.7142857142857143,29.76378883221081,0.023883834115232268,18.99904892505793
fold_c,CNN-RCPS,42,ENCFF148JKK:13597,chr5,138,145,-,0.9698314132220124,True,0.21192602913983302,0.5714285714285714,51.5581154830635,0.02383055896238117,8.893036435879605
fold_c,CNN-RCPS,42,ENCFF148JKK:13822,chr19,38,45,+,0.9698314132220124,True,0.19528005150963226,0.5714285714285714,65.55370434662089,0.02719999010267134,7.179416270833628
fold_c,CNN-RCPS,42,ENCFF148JKK:14447,chr10,121,128,-,1.0,True,0.011066894760032865,0.0,58.85704707017255,0.03145723571270446,0.35180760512797826
fold_c,CNN-RCPS,42,ENCFF148JKK:14653,chr9,138,145,+,0.8978698624752371,True,0.05533741723708546,0.0,76.08853854496047,0.025477480982464,2.172012895433967
fold_c,CNN-RCPS,42,ENCFF148JKK:231,chr10,22,29,-,0.7705658806738473,False,0.11931217373261434,0.14285714285714285,84.1962524381034,0.02246816583321167,5.310276531618401
fold_c,CNN-RCPS,42,ENCFF148JKK:2361,chr19,169,176,+,0.7578095945931235,False,0.010966453003010156,0.0,71.95340129372043,0.030251177272443638,0.3625132636738638
fold_c,CNN-RCPS,42,ENCFF148JKK:326,chr5,216,223,+,0.8393557872415028,True,0.011111081573700526,0.0,146.67033506108643,0.03254633583405855,0.34139270332463006
fold_c,CNN-RCPS,42,ENCFF148JKK:3292,chr7,213,220,+,0.9280384492532245,True,0.020525309836108008,0.0,85.78797532955164,0.016029659323428085,1.2804582693850095
fold_c,CNN-RCPS,42,ENCFF148JKK:3307,chr19,136,143,+,0.9698314132220124,True,0.49164368314451234,0.8571428571428571,27.22316348151239,0.02059798410809876,23.868533957709328
fold_c,CNN-RCPS,42,ENCFF148JKK:4064,chr5,144,151,-,0.8373102092232515,True,0.054419320407843155,0.0,76.5601257645598,0.02840155184609279,1.91606855508248
fold_c,CNN-RCPS,42,ENCFF148JKK:4342,chr7,122,129,+,0.9698314132220124,True,0.37972579083459645,0.7142857142857143,38.42234367168111,0.020466974823505738,18.553098057192713
fold_c,CNN-RCPS,42,ENCFF148JKK:4938,chr5,125,132,-,0.8978698624752371,True,0.4090867133036724,1.0,34.04223735945614,0.02024391680513822,20.207883545532052
fold_c,CNN-RCPS,42,ENCFF148JKK:6038,chr10,8,15,+,0.9280384492532245,True,0.25062101209565096,0.7142857142857143,69.26291542862432,0.02337965481752792,10.719619859731988
fold_c,CNN-RCPS,42,ENCFF148JKK:6225,chr10,145,152,-,0.8672884316806654,True,0.24616991097737445,0.7142857142857143,47.05678773362602,0.023203409163764187,10.60921303589336
fold_c,CNN-RCPS,42,ENCFF148JKK:6363,chr5,83,90,+,0.8978698624752371,True,0.22607638763114635,1.0,47.6363537356826,0.01795133167178436,12.593850515641126
fold_c,CNN-RCPS,42,ENCFF148JKK:6369,chr7,128,135,+,0.8978698624752371,True,0.31487582252401924,1.0,44.73713841294925,0.024989300973510868,12.60042539236266
fold_c,CNN-RCPS,42,ENCFF148JKK:7952,chr7,15,22,-,0.8547098789468857,True,0.09086553513817179,0.14285714285714285,126.31980602041097,0.02470468678980889,3.678068696489421
fold_c,CNN-RCPS,42,ENCFF148JKK:8146,chr7,166,173,-,0.8611022746867618,True,0.04812227112847041,0.14285714285714285,41.13401844594442,0.021939071871841003,2.19345063499408
fold_c,CNN-RCPS,42,ENCFF148JKK:8219,chr7,176,183,+,0.8625646014227104,True,0.44099546650414545,0.8571428571428571,42.003021235497506,0.021035286517762743,20.964557156459808
fold_c,CNN-RCPS,42,ENCFF148JKK:8464,chr9,88,95,-,0.8978698624752371,True,0.4129117948166893,0.7142857142857143,36.343019005707255,0.022114275450998207,18.671730653425097
fold_c,CNN-RCPS,42,ENCFF148JKK:8781,chr5,120,127,+,0.8625646014227104,True,0.5153169540434731,1.0,31.19946847400802,0.0191187719425254,26.953454729865083
fold_c,CNN-RCPS,42,ENCFF148JKK:9406,chr9,124,131,-,0.8978698624752371,True,0.3126954285184972,0.42857142857142855,31.579889720940358,0.029400257592131086,10.63580574213028
fold_c,CNN-RCPS,42,ENCFF148JKK:9738,chr5,125,132,-,0.8629657630149966,True,0.22978752492521745,0.7142857142857143,34.03330239721732,0.022694087409480555,10.125435792109565
fold_c,CNN-RCPS,42,ENCFF148JKK:975,chr9,127,134,+,0.8978698624752371,True,0.012435818804962898,0.0,67.59749216243996,0.019609785572843624,0.634163936100581
fold_c,CNN-RCPS,42,ENCFF148JKK:9753,chr5,132,139,-,0.8629657630149966,True,0.507908975993724,0.8571428571428571,30.88205584262861,0.023120775598332595,21.96764437393497
fold_c,CNN-Raw,42,ENCFF148JKK:10020,chr9,108,115,-,0.8978698624752371,True,0.3489031848367322,0.7142857142857143,37.73353429728234,0.020765760295270122,16.801849769796434
fold_c,CNN-Raw,42,ENCFF148JKK:10021,chr7,145,152,+,0.8672884316806654,True,0.03885138335344765,0.14285714285714285,63.215720360572504,0.024706170697813314,1.572537639630503
fold_c,CNN-Raw,42,ENCFF148JKK:10310,chr19,115,122,+,0.9698314132220124,True,0.24239077565370457,0.42857142857142855,57.84979656363476,0.01793167798866828,13.51746199139203
fold_c,CNN-Raw,42,ENCFF148JKK:10359,chr5,136,143,+,0.8629657630149966,True,0.24717573743184193,0.5714285714285714,34.32176633432979,0.018900978493447403,13.077404300392855
fold_c,CNN-Raw,42,ENCFF148JKK:10719,chr19,128,135,-,0.8978698624752371,True,0.3010875294924245,0.8571428571428571,50.272117241732076,0.026477621833115233,11.37139624510605
fold_c,CNN-Raw,42,ENCFF148JKK:10922,chr10,23,30,+,0.8828598264768451,True,0.027753432771369144,0.0,112.50182848936355,0.038314543943986104,0.724357643717311
fold_c,CNN-Raw,42,ENCFF148JKK:10967,chr19,57,64,+,1.0,True,0.0032798805943536104,0.0,88.7786586706808,0.02336141737319827,0.14039732872186522
fold_c,CNN-Raw,42,ENCFF148JKK:11570,chr9,144,151,-,0.9698314132220124,True,0.06559830843362925,0.0,58.142336782493146,0.03058998132328097,2.1444376752105
fold_c,CNN-Raw,42,ENCFF148JKK:11777,chr10,185,192,-,1.0,True,0.016242244404802125,0.0,83.60951436350709,0.02846526694092397,0.5705987032726878
fold_c,CNN-Raw,42,ENCFF148JKK:11883,chr9,122,129,+,0.8978698624752371,True,0.2699217477683359,0.7142857142857143,43.680916413297254,0.024649806831857607,10.950258134253891
fold_c,CNN-Raw,42,ENCFF148JKK:12726,chr7,18,25,-,0.8778326924731494,True,0.005295490410156581,0.0,114.56287069672409,0.02472177404856485,0.21420349525700788
fold_c,CNN-Raw,42,ENCFF148JKK:12909,chr7,169,176,+,0.9698314132220124,True,0.17909680486209995,0.42857142857142855,70.79232363338446,0.03280444255063565,5.459528982565491
fold_c,CNN-Raw,42,ENCFF148JKK:13192,chr10,145,152,+,0.8629657630149966,True,0.19720883202421452,0.7142857142857143,53.210916075380986,0.027705493524722402,7.118040754200587
fold_c,CNN-Raw,42,ENCFF148JKK:13357,chr5,93,100,+,0.8978698624752371,True,0.0793519968258216,0.0,60.40175398499579,0.029016668255863163,2.7347039338256067
fold_c,CNN-Raw,42,ENCFF148JKK:13433,chr5,120,127,-,0.9698314132220124,True,0.36453288916824284,0.8571428571428571,33.665744036492505,0.021854086662276506,16.68030766060255
fold_c,CNN-Raw,42,ENCFF148JKK:13597,chr5,138,145,-,0.9698314132220124,True,0.1341272919142115,0.5714285714285714,52.659954753057185,0.025275244558301817,5.306666434218795
fold_c,CNN-Raw,42,ENCFF148JKK:13822,chr19,38,45,+,0.9698314132220124,True,0.11112185464881383,0.14285714285714285,81.38858816534386,0.02448966423530391,4.537500129896527
fold_c,CNN-Raw,42,ENCFF148JKK:14447,chr10,121,128,-,1.0,True,0.022030069773313447,0.0,50.030088871620244,0.025902292603448625,0.8505065598085464
fold_c,CNN-Raw,42,ENCFF148JKK:14653,chr9,138,145,+,0.8978698624752371,True,0.011888556499847774,0.0,69.3872751012493,0.02659752986648134,0.44697972178348544
fold_c,CNN-Raw,42,ENCFF148JKK:231,chr10,22,29,-,0.7705658806738473,False,0.0868926650258783,0.14285714285714285,93.87020372096937,0.02615854309568509,3.321770050726236
fold_c,CNN-Raw,42,ENCFF148JKK:2361,chr19,169,176,+,0.7578095945931235,False,0.02066800920836426,0.0,76.35055127383113,0.026866068141479717,0.7692978778853763
fold_c,CNN-Raw,42,ENCFF148JKK:326,chr5,216,223,+,0.8393557872415028,True,0.017840145620207574,0.0,128.19531915166237,0.03390730948783598,0.5261445360802693
fold_c,CNN-Raw,42,ENCFF148JKK:3292,chr7,213,220,+,0.9280384492532245,True,0.002375875545205849,0.0,94.5450188721362,0.021318693950233766,0.11144564253101429
fold_c,CNN-Raw,42,ENCFF148JKK:3307,chr19,136,143,+,0.9698314132220124,True,0.35637775301269464,0.8571428571428571,30.86932011614216,0.018507229585098456,19.25613725025818
fold_c,CNN-Raw,42,ENCFF148JKK:4064,chr5,144,151,-,0.8373102092232515,True,0.03922086678529988,0.0,58.297658769204375,0.02267697040813958,1.7295461465708886
fold_c,CNN-Raw,42,ENCFF148JKK:4342,chr7,122,129,+,0.9698314132220124,True,0.3117149470134216,0.7142857142857143,43.29296648860386,0.022458571206221502,13.879553785998192
fold_c,CNN-Raw,42,ENCFF148JKK:4938,chr5,125,132,-,0.8978698624752371,True,0.2520527600382149,0.8571428571428571,41.61344791829507,0.02250788252847455,11.198421696014492
fold_c,CNN-Raw,42,ENCFF148JKK:6038,chr10,8,15,+,0.9280384492532245,True,0.12084072016187913,0.2857142857142857,85.45399123449963,0.024686507006745684,4.895010870872049
fold_c,CNN-Raw,42,ENCFF148JKK:6225,chr10,145,152,-,0.8672884316806654,True,0.259236423246293,0.8571428571428571,44.551382931554706,0.020918921010868605,12.392437598077093
fold_c,CNN-Raw,42,ENCFF148JKK:6363,chr5,83,90,+,0.8978698624752371,True,0.28084316818117255,0.8571428571428571,34.57576954937591,0.02218916775714328,12.656768890791845
fold_c,CNN-Raw,42,ENCFF148JKK:6369,chr7,128,135,+,0.8978698624752371,True,0.27093294074782104,0.8571428571428571,41.515603735366184,0.022064833169150717,12.278948074106347
fold_c,CNN-Raw,42,ENCFF148JKK:7952,chr7,15,22,-,0.8547098789468857,True,0.1049077247828089,0.14285714285714285,110.27967912247664,0.02466293362188482,4.253659616945096
fold_c,CNN-Raw,42,ENCFF148JKK:8146,chr7,166,173,-,0.8611022746867618,True,0.12375427792759289,0.42857142857142855,36.95664731647791,0.022532855406828416,5.492170241774598
fold_c,CNN-Raw,42,ENCFF148JKK:8219,chr7,176,183,+,0.8625646014227104,True,0.32854183970056594,0.7142857142857143,55.27865836075838,0.01842595064579463,17.830387479928984
fold_c,CNN-Raw,42,ENCFF148JKK:8464,chr9,88,95,-,0.8978698624752371,True,0.34960284852605933,0.8571428571428571,42.228455113637054,0.023195246686744712,15.072176349210606
fold_c,CNN-Raw,42,ENCFF148JKK:8781,chr5,120,127,+,0.8625646014227104,True,0.36185654221235347,0.8571428571428571,36.410170493659585,0.018507338531208926,19.552057234061763
fold_c,CNN-Raw,42,ENCFF148JKK:9406,chr9,124,131,-,0.8978698624752371,True,0.2911900935140173,0.5714285714285714,31.73636840802054,0.025628229933806097,11.362083697005918
fold_c,CNN-Raw,42,ENCFF148JKK:9738,chr5,125,132,-,0.8629657630149966,True,0.25638179189126925,0.8571428571428571,36.146278745847745,0.02286260921499988,11.214021526600746
fold_c,CNN-Raw,42,ENCFF148JKK:975,chr9,127,134,+,0.8978698624752371,True,0.03876352856107929,0.0,70.10884596975042,0.02468548121508176,1.5702966542696544
fold_c,CNN-Raw,42,ENCFF148JKK:9753,chr5,132,139,-,0.8629657630149966,True,0.2927919507287599,0.8571428571428571,36.40319563007638,0.02301642020478192,12.721003011055954
fold_c,CNN-Aug,123,ENCFF148JKK:10020,chr9,108,115,-,0.8978698624752371,True,0.23697382376201986,0.7142857142857143,46.295154342433015,0.022452663234274618,10.554374832481908
fold_c,CNN-Aug,123,ENCFF148JKK:10021,chr7,145,152,+,0.8672884316806654,True,0.037961088778669605,0.14285714285714285,63.77913820033999,0.025542942727176932,1.4861673999010354
fold_c,CNN-Aug,123,ENCFF148JKK:10310,chr19,115,122,+,0.9698314132220124,True,0.1750081928125038,0.2857142857142857,62.89917698833808,0.018974788056135526,9.223196185103877
fold_c,CNN-Aug,123,ENCFF148JKK:10359,chr5,136,143,+,0.8629657630149966,True,0.263425725577539,0.7142857142857143,37.59341491380572,0.021221797095336066,12.412979183343165
fold_c,CNN-Aug,123,ENCFF148JKK:10719,chr19,128,135,-,0.8978698624752371,True,0.31253818131142336,0.7142857142857143,57.25455312587176,0.02739948179544164,11.406718697994474
fold_c,CNN-Aug,123,ENCFF148JKK:10922,chr10,23,30,+,0.8828598264768451,True,0.0021075824933243703,0.0,119.65874746271044,0.03820871545990226,0.05515973169880968
fold_c,CNN-Aug,123,ENCFF148JKK:10967,chr19,57,64,+,1.0,True,0.005902662648223579,0.0,87.58971701250297,0.021887127220956534,0.26968649602273453
fold_c,CNN-Aug,123,ENCFF148JKK:11570,chr9,144,151,-,0.9698314132220124,True,0.044702916338576884,0.0,60.46324406489589,0.033353022829256715,1.3402957976979595
fold_c,CNN-Aug,123,ENCFF148JKK:11777,chr10,185,192,-,1.0,True,0.009282351010373219,0.0,88.75730353120684,0.03161294925598382,0.2936249615690703
fold_c,CNN-Aug,123,ENCFF148JKK:11883,chr9,122,129,+,0.8978698624752371,True,0.2543699801185629,0.42857142857142855,41.20792509125227,0.025865453861737706,9.83435208515122
fold_c,CNN-Aug,123,ENCFF148JKK:12726,chr7,18,25,-,0.8778326924731494,True,0.007090428194427823,0.0,113.37058216205003,0.023363210689995667,0.3034868917851264
fold_c,CNN-Aug,123,ENCFF148JKK:12909,chr7,169,176,+,0.9698314132220124,True,0.1867752469081234,0.7142857142857143,60.86306637426981,0.024978255986272898,7.477513522592129
fold_c,CNN-Aug,123,ENCFF148JKK:13192,chr10,145,152,+,0.8629657630149966,True,0.1500410479831074,0.7142857142857143,53.35372354648644,0.02869825317395161,5.228229295826771
fold_c,CNN-Aug,123,ENCFF148JKK:13357,chr5,93,100,+,0.8978698624752371,True,0.01950581057619136,0.0,67.2988916555629,0.037814120349553434,0.5158340428358454
fold_c,CNN-Aug,123,ENCFF148JKK:13433,chr5,120,127,-,0.9698314132220124,True,0.397536221020969,0.8571428571428571,31.600746139769175,0.022663609247055305,17.540728693626818
fold_c,CNN-Aug,123,ENCFF148JKK:13597,chr5,138,145,-,0.9698314132220124,True,0.13269489733037382,0.5714285714285714,59.39601391856393,0.029491850616158166,4.4993750666047445
fold_c,CNN-Aug,123,ENCFF148JKK:13822,chr19,38,45,+,0.9698314132220124,True,0.01821871115343708,0.0,99.75510832118538,0.0253815499308915,0.717793483969368
fold_c,CNN-Aug,123,ENCFF148JKK:14447,chr10,121,128,-,1.0,True,0.027328730811998263,0.0,52.78469417486504,0.024303092908876417,1.12449600198898
fold_c,CNN-Aug,123,ENCFF148JKK:14653,chr9,138,145,+,0.8978698624752371,True,0.03936141010068011,0.0,72.95650481169952,0.02533621909154579,1.5535629037015337
fold_c,CNN-Aug,123,ENCFF148JKK:231,chr10,22,29,-,0.7705658806738473,False,0.09399927411982467,0.2857142857142857,100.99287618735276,0.025313583996472405,3.713392545793753
fold_c,CNN-Aug,123,ENCFF148JKK:2361,chr19,169,176,+,0.7578095945931235,False,0.015378475748733043,0.0,77.11810537347112,0.02233089306182933,0.6886637138135688
fold_c,CNN-Aug,123,ENCFF148JKK:326,chr5,216,223,+,0.8393557872415028,True,0.007271352617592765,0.0,144.0250994239977,0.034266857020164306,0.21219782757764866
fold_c,CNN-Aug,123,ENCFF148JKK:3292,chr7,213,220,+,0.9280384492532245,True,0.0038525712462264897,0.0,88.55169179624457,0.018408025545196514,0.2092875869151431
fold_c,CNN-Aug,123,ENCFF148JKK:3307,chr19,136,143,+,0.9698314132220124,True,0.3516179235153185,0.7142857142857143,31.943624399802022,0.021070193608316357,16.6879303556345
fold_c,CNN-Aug,123,ENCFF148JKK:4064,chr5,144,151,-,0.8373102092232515,True,0.06543357148265412,0.0,59.64809064034889,0.021101903571084546,3.1008373847521624
fold_c,CNN-Aug,123,ENCFF148JKK:4342,chr7,122,129,+,0.9698314132220124,True,0.29846101785909845,0.7142857142857143,44.15304559361618,0.02112437290992942,14.128751614624647
fold_c,CNN-Aug,123,ENCFF148JKK:4938,chr5,125,132,-,0.8978698624752371,True,0.2667878714443105,0.7142857142857143,41.23042056900945,0.0229800690788138,11.60953304924015
fold_c,CNN-Aug,123,ENCFF148JKK:6038,chr10,8,15,+,0.9280384492532245,True,0.06191732506889624,0.0,85.39214470154809,0.026229092401433358,2.360635439505814
fold_c,CNN-Aug,123,ENCFF148JKK:6225,chr10,145,152,-,0.8672884316806654,True,0.18732914970082776,0.8571428571428571,55.64912169259416,0.022062475703655944,8.490848997050032
fold_c,CNN-Aug,123,ENCFF148JKK:6363,chr5,83,90,+,0.8978698624752371,True,0.21152316296135076,1.0,50.09484856336158,0.02483805423477116,8.516092321967651
fold_c,CNN-Aug,123,ENCFF148JKK:6369,chr7,128,135,+,0.8978698624752371,True,0.2606745359788128,0.8571428571428571,43.62952868973752,0.026937336630779726,9.677071625594758
fold_c,CNN-Aug,123,ENCFF148JKK:7952,chr7,15,22,-,0.8547098789468857,True,0.04581759423149645,0.0,128.86430808157556,0.02241317197501315,2.044226238150282
fold_c,CNN-Aug,123,ENCFF148JKK:8146,chr7,166,173,-,0.8611022746867618,True,0.06845437619106434,0.14285714285714285,51.635972897558396,0.022753767088760958,3.0084854048135545
fold_c,CNN-Aug,123,ENCFF148JKK:8219,chr7,176,183,+,0.8625646014227104,True,0.3073497337607846,0.7142857142857143,60.06205447819247,0.02432869664977585,12.633218219012827
fold_c,CNN-Aug,123,ENCFF148JKK:8464,chr9,88,95,-,0.8978698624752371,True,0.3509298216642558,0.8571428571428571,46.67027888812395,0.024006142096371773,14.618334768471374
fold_c,CNN-Aug,123,ENCFF148JKK:8781,chr5,120,127,+,0.8625646014227104,True,0.3164057824410458,0.8571428571428571,40.10009221292056,0.022045936149358233,14.352113709186103
fold_c,CNN-Aug,123,ENCFF148JKK:9406,chr9,124,131,-,0.8978698624752371,True,0.2800471404826655,0.5714285714285714,38.18068001292558,0.025808198435089313,10.851092190220768
fold_c,CNN-Aug,123,ENCFF148JKK:9738,chr5,125,132,-,0.8629657630149966,True,0.27459429552766884,1.0,40.2048904925971,0.024323591113578912,11.289216886003874
fold_c,CNN-Aug,123,ENCFF148JKK:975,chr9,127,134,+,0.8978698624752371,True,0.07145478309547683,0.0,66.7641151577508,0.022344049385656428,3.1979334570101074
fold_c,CNN-Aug,123,ENCFF148JKK:9753,chr5,132,139,-,0.8629657630149966,True,0.29499378047528685,0.7142857142857143,43.67787318269509,0.025713657966842447,11.472260417233477
fold_c,CNN-RCPS,123,ENCFF148JKK:10020,chr9,108,115,-,0.8978698624752371,True,0.25579608476725224,0.7142857142857143,46.626073319416136,0.024601168368918017,10.397720991594612
fold_c,CNN-RCPS,123,ENCFF148JKK:10021,chr7,145,152,+,0.8672884316806654,True,0.10735628209923284,0.14285714285714285,59.74020260439277,0.02770550845477689,3.87490748543627
fold_c,CNN-RCPS,123,ENCFF148JKK:10310,chr19,115,122,+,0.9698314132220124,True,0.16430199689196404,0.2857142857142857,57.080161387467946,0.019785960188990422,8.303968840662442
fold_c,CNN-RCPS,123,ENCFF148JKK:10359,chr5,136,143,+,0.8629657630149966,True,0.26804367256600414,0.7142857142857143,39.91419679051679,0.02121172663988094,12.636579620163758
fold_c,CNN-RCPS,123,ENCFF148JKK:10719,chr19,128,135,-,0.8978698624752371,True,0.33197073908221186,0.8571428571428571,52.74578889891687,0.025660804454695686,12.93687965505167
fold_c,CNN-RCPS,123,ENCFF148JKK:10922,chr10,23,30,+,0.8828598264768451,True,0.00484548997022992,0.0,111.16577926251922,0.03578512545202608,0.13540514135477424
fold_c,CNN-RCPS,123,ENCFF148JKK:10967,chr19,57,64,+,1.0,True,0.0032553270302746943,0.0,88.12956043357597,0.02243007313380797,0.14513225217121864
fold_c,CNN-RCPS,123,ENCFF148JKK:11570,chr9,144,151,-,0.9698314132220124,True,0.01023250409770425,0.0,66.83525332980214,0.03578649590476417,0.2859319930326574
fold_c,CNN-RCPS,123,ENCFF148JKK:11777,chr10,185,192,-,1.0,True,0.02019994468293037,0.0,88.97600520564282,0.03146463090600986,0.6419889285614377
fold_c,CNN-RCPS,123,ENCFF148JKK:11883,chr9,122,129,+,0.8978698624752371,True,0.24889907180213233,0.5714285714285714,42.75951094551068,0.027058104608772515,9.198688356073422
fold_c,CNN-RCPS,123,ENCFF148JKK:12726,chr7,18,25,-,0.8778326924731494,True,0.006344381534868138,0.0,116.229500641125,0.022958103071323635,0.27634606897434566
fold_c,CNN-RCPS,123,ENCFF148JKK:12909,chr7,169,176,+,0.9698314132220124,True,0.2758607173280023,0.8571428571428571,59.59112762100942,0.02764882231220941,9.977304429570054
fold_c,CNN-RCPS,123,ENCFF148JKK:13192,chr10,145,152,+,0.8629657630149966,True,0.20872958202010575,0.7142857142857143,53.05220196837679,0.02773959297435388,7.524608678039464
fold_c,CNN-RCPS,123,ENCFF148JKK:13357,chr5,93,100,+,0.8978698624752371,True,0.10631745651979947,0.2857142857142857,61.33657344144566,0.028895157805233735,3.679421210862616
fold_c,CNN-RCPS,123,ENCFF148JKK:13433,chr5,120,127,-,0.9698314132220124,True,0.33621536627792825,0.7142857142857143,35.4269460014639,0.024761380967531915,13.57821547670491
fold_c,CNN-RCPS,123,ENCFF148JKK:13597,chr5,138,145,-,0.9698314132220124,True,0.18182643026285672,0.7142857142857143,53.566543230348294,0.027954295723672834,6.504418213937642
fold_c,CNN-RCPS,123,ENCFF148JKK:13822,chr19,38,45,+,0.9698314132220124,True,0.03857554182313259,0.0,85.52857007202454,0.027700902787475192,1.3925734521755118
fold_c,CNN-RCPS,123,ENCFF148JKK:14447,chr10,121,128,-,1.0,True,0.018840313154201413,0.0,63.368088535068054,0.03225191563129273,0.5841610578914394
fold_c,CNN-RCPS,123,ENCFF148JKK:14653,chr9,138,145,+,0.8978698624752371,True,0.02187451634960046,0.0,74.83037619584097,0.027777819022685075,0.7874814193200835
fold_c,CNN-RCPS,123,ENCFF148JKK:231,chr10,22,29,-,0.7705658806738473,False,0.11219822023079783,0.2857142857142857,95.90890800932824,0.025425074671890265,4.412896389832167
fold_c,CNN-RCPS,123,ENCFF148JKK:2361,chr19,169,176,+,0.7578095945931235,False,0.004768105051935682,0.0,84.19953320366876,0.02488916462509556,0.1915735270250106
fold_c,CNN-RCPS,123,ENCFF148JKK:326,chr5,216,223,+,0.8393557872415028,True,0.0051321677737910494,0.0,135.3124497907812,0.0334380768824879,0.153482743395415
fold_c,CNN-RCPS,123,ENCFF148JKK:3292,chr7,213,220,+,0.9280384492532245,True,0.024638516827715767,0.0,78.11877018339396,0.017889633622870858,1.377251057630205
fold_c,CNN-RCPS,123,ENCFF148JKK:3307,chr19,136,143,+,0.9698314132220124,True,0.3484695484028334,1.0,37.89822405599624,0.021964305593015765,15.865265893661585
fold_c,CNN-RCPS,123,ENCFF148JKK:4064,chr5,144,151,-,0.8373102092232515,True,0.07855219310058846,0.0,56.110503164716,0.022235916629293632,3.5326716865408496
fold_c,CNN-RCPS,123,ENCFF148JKK:4342,chr7,122,129,+,0.9698314132220124,True,0.3459604734014726,0.8571428571428571,38.95354873148399,0.021503948900532095,16.088229887530666
fold_c,CNN-RCPS,123,ENCFF148JKK:4938,chr5,125,132,-,0.8978698624752371,True,0.322750090791287,0.8571428571428571,41.371259916691756,0.023246597593021688,13.883756085155971
fold_c,CNN-RCPS,123,ENCFF148JKK:6038,chr10,8,15,+,0.9280384492532245,True,0.12528702142038503,0.14285714285714285,90.11884049787784,0.02509128760118534,4.993247991564464
fold_c,CNN-RCPS,123,ENCFF148JKK:6225,chr10,145,152,-,0.8672884316806654,True,0.33733323104256746,0.8571428571428571,45.84308032109577,0.022244801537526587,15.16458712717631
fold_c,CNN-RCPS,123,ENCFF148JKK:6363,chr5,83,90,+,0.8978698624752371,True,0.24670671702296165,1.0,52.162184908879745,0.020355292392384542,12.120028161091962
fold_c,CNN-RCPS,123,ENCFF148JKK:6369,chr7,128,135,+,0.8978698624752371,True,0.15573356397475524,0.7142857142857143,52.06375375461487,0.03092238288392169,5.036273063410324
fold_c,CNN-RCPS,123,ENCFF148JKK:7952,chr7,15,22,-,0.8547098789468857,True,0.08029336884641373,0.14285714285714285,123.18397746101448,0.02567405074832792,3.127413341723764
fold_c,CNN-RCPS,123,ENCFF148JKK:8146,chr7,166,173,-,0.8611022746867618,True,0.08526253060401111,0.14285714285714285,44.82452852557612,0.022081457419931512,3.861272785692583
fold_c,CNN-RCPS,123,ENCFF148JKK:8219,chr7,176,183,+,0.8625646014227104,True,0.32555582102558595,0.8571428571428571,50.75518645741591,0.01860185313254449,17.50125746644115
fold_c,CNN-RCPS,123,ENCFF148JKK:8464,chr9,88,95,-,0.8978698624752371,True,0.3583326703929952,0.7142857142857143,41.677578902013195,0.02078490106494272,17.240046958769717
fold_c,CNN-RCPS,123,ENCFF148JKK:8781,chr5,120,127,+,0.8625646014227104,True,0.3325131259715316,0.8571428571428571,41.31492617393414,0.01976713856967986,16.8215103465487
fold_c,CNN-RCPS,123,ENCFF148JKK:9406,chr9,124,131,-,0.8978698624752371,True,0.23877647011083894,0.42857142857142855,35.69185465751149,0.02763329457401406,8.640897648714706
fold_c,CNN-RCPS,123,ENCFF148JKK:9738,chr5,125,132,-,0.8629657630149966,True,0.24742049371972535,0.8571428571428571,42.33338934117623,0.021889755960680445,11.303026592171943
fold_c,CNN-RCPS,123,ENCFF148JKK:975,chr9,127,134,+,0.8978698624752371,True,0.056176105033237306,0.0,68.10615422315455,0.021526152672820535,2.6096676859570302
fold_c,CNN-RCPS,123,ENCFF148JKK:9753,chr5,132,139,-,0.8629657630149966,True,0.2891144706408414,0.7142857142857143,44.547193790519415,0.024590910861099186,11.756964688046464
fold_c,CNN-Raw,123,ENCFF148JKK:10020,chr9,108,115,-,0.8978698624752371,True,0.3454805477700689,0.7142857142857143,35.884832580918264,0.021541468546831123,16.037929216338927
fold_c,CNN-Raw,123,ENCFF148JKK:10021,chr7,145,152,+,0.8672884316806654,True,0.09438043149151841,0.14285714285714285,59.98716552076729,0.024355680455073022,3.8750890850951363
fold_c,CNN-Raw,123,ENCFF148JKK:10310,chr19,115,122,+,0.9698314132220124,True,0.18793005888116507,0.2857142857142857,69.97152205052318,0.019303569887891694,9.735507990107342
fold_c,CNN-Raw,123,ENCFF148JKK:10359,chr5,136,143,+,0.8629657630149966,True,0.22258042880563117,0.7142857142857143,39.20675427535743,0.02152489864547479,10.34060287444952
fold_c,CNN-Raw,123,ENCFF148JKK:10719,chr19,128,135,-,0.8978698624752371,True,0.3466370919036026,0.7142857142857143,52.91326863343604,0.02670707509055339,12.979223322969284
fold_c,CNN-Raw,123,ENCFF148JKK:10922,chr10,23,30,+,0.8828598264768451,True,0.017664359188103357,0.0,106.86986389134432,0.0350826035451651,0.5035076477537473
fold_c,CNN-Raw,123,ENCFF148JKK:10967,chr19,57,64,+,1.0,True,0.012990271441904126,0.0,75.77690493391873,0.02428904470575515,0.5348201874249157
fold_c,CNN-Raw,123,ENCFF148JKK:11570,chr9,144,151,-,0.9698314132220124,True,0.025748726620504366,0.0,65.69357702535162,0.03275210370647187,0.7861701602824485
fold_c,CNN-Raw,123,ENCFF148JKK:11777,chr10,185,192,-,1.0,True,0.002109351268307949,0.0,94.85306560548305,0.029949788267705953,0.07042958866531973
fold_c,CNN-Raw,123,ENCFF148JKK:11883,chr9,122,129,+,0.8978698624752371,True,0.26794453950379976,0.5714285714285714,41.36522747862135,0.02645268087837053,10.129201676601673
fold_c,CNN-Raw,123,ENCFF148JKK:12726,chr7,18,25,-,0.8778326924731494,True,0.018939268086458523,0.0,110.45105231581773,0.024464858894879864,0.7741417258050172
fold_c,CNN-Raw,123,ENCFF148JKK:12909,chr7,169,176,+,0.9698314132220124,True,0.15190262633173365,0.8571428571428571,67.30874342430496,0.02725472057519316,5.573442806454349
fold_c,CNN-Raw,123,ENCFF148JKK:13192,chr10,145,152,+,0.8629657630149966,True,0.1595878210717362,0.7142857142857143,58.432193433866075,0.02803948671096549,5.691538604710823
fold_c,CNN-Raw,123,ENCFF148JKK:13357,chr5,93,100,+,0.8978698624752371,True,0.028990326491933442,0.0,57.068614950729305,0.028719626845143426,1.0094255976322266
fold_c,CNN-Raw,123,ENCFF148JKK:13433,chr5,120,127,-,0.9698314132220124,True,0.3399998347864338,0.7142857142857143,35.91797810879012,0.023725143762745704,14.330780803120652
fold_c,CNN-Raw,123,ENCFF148JKK:13597,chr5,138,145,-,0.9698314132220124,True,0.1738244925590075,0.7142857142857143,53.2813846296784,0.02771317345579865,6.272269497979013
fold_c,CNN-Raw,123,ENCFF148JKK:13822,chr19,38,45,+,0.9698314132220124,True,0.10862117223913273,0.2857142857142857,75.42794892617519,0.022522325375362768,4.82282226319107
fold_c,CNN-Raw,123,ENCFF148JKK:14447,chr10,121,128,-,1.0,True,0.028647319209924183,0.0,53.64501384387519,0.025292774313804858,1.1326285861131653
fold_c,CNN-Raw,123,ENCFF148JKK:14653,chr9,138,145,+,0.8978698624752371,True,0.02103877469654723,0.0,68.84588377804586,0.025740730357191995,0.817334022951255
fold_c,CNN-Raw,123,ENCFF148JKK:231,chr10,22,29,-,0.7705658806738473,False,0.12377418594227536,0.2857142857142857,91.47956172518938,0.026283723396170702,4.709157225429793
fold_c,CNN-Raw,123,ENCFF148JKK:2361,chr19,169,176,+,0.7578095945931235,False,0.022838051684410804,0.0,78.10590405156472,0.02272785062083067,1.0048487235074985
fold_c,CNN-Raw,123,ENCFF148JKK:326,chr5,216,223,+,0.8393557872415028,True,0.010364351971228355,0.0,140.27218678130367,0.03575187871674579,0.2898967087392195
fold_c,CNN-Raw,123,ENCFF148JKK:3292,chr7,213,220,+,0.9280384492532245,True,0.0017441665539658872,0.0,91.04992771871932,0.01968682454134469,0.08859562649643819
fold_c,CNN-Raw,123,ENCFF148JKK:3307,chr19,136,143,+,0.9698314132220124,True,0.32727960122494487,0.8571428571428571,36.65288639751275,0.02106401043841126,15.537383167458673
fold_c,CNN-Raw,123,ENCFF148JKK:4064,chr5,144,151,-,0.8373102092232515,True,0.0378174180315299,0.0,53.79576406974553,0.02242568970531903,1.6863435875758233
fold_c,CNN-Raw,123,ENCFF148JKK:4342,chr7,122,129,+,0.9698314132220124,True,0.2629643451325695,0.7142857142857143,44.88032884501055,0.02241180909746479,11.73329399643672
fold_c,CNN-Raw,123,ENCFF148JKK:4938,chr5,125,132,-,0.8978698624752371,True,0.28203703656647433,0.8571428571428571,39.129028182192364,0.02229550669474794,12.64994962563074
fold_c,CNN-Raw,123,ENCFF148JKK:6038,chr10,8,15,+,0.9280384492532245,True,0.03428756103735963,0.0,99.86888957747843,0.02749492562457509,1.2470505105390521
fold_c,CNN-Raw,123,ENCFF148JKK:6225,chr10,145,152,-,0.8672884316806654,True,0.25481122714705284,0.8571428571428571,48.3272669770835,0.020474046733183877,12.445572214801118
fold_c,CNN-Raw,123,ENCFF148JKK:6363,chr5,83,90,+,0.8978698624752371,True,0.25872059024296795,1.0,44.08471852447271,0.021709499887655186,11.917390616173794
fold_c,CNN-Raw,123,ENCFF148JKK:6369,chr7,128,135,+,0.8978698624752371,True,0.18063269209185592,0.8571428571428571,46.99652503764603,0.026707644644658163,6.7633329144202365
fold_c,CNN-Raw,123,ENCFF148JKK:7952,chr7,15,22,-,0.8547098789468857,True,0.0812582307899099,0.14285714285714285,114.49652907862318,0.02519077072571707,3.225714356843952
fold_c,CNN-Raw,123,ENCFF148JKK:8146,chr7,166,173,-,0.8611022746867618,True,0.08237744911669165,0.2857142857142857,49.344522888787594,0.01917390487301561,4.296331376537991
fold_c,CNN-Raw,123,ENCFF148JKK:8219,chr7,176,183,+,0.8625646014227104,True,0.313312162348981,0.8571428571428571,57.387572446197694,0.02367676912349354,13.232893420331303
fold_c,CNN-Raw,123,ENCFF148JKK:8464,chr9,88,95,-,0.8978698624752371,True,0.3471525216491241,1.0,45.99166177385726,0.022450779553497245,15.462827062281086
fold_c,CNN-Raw,123,ENCFF148JKK:8781,chr5,120,127,+,0.8625646014227104,True,0.2724694232480354,0.7142857142857143,43.10252676463048,0.021230891911396016,12.833630559900461
fold_c,CNN-Raw,123,ENCFF148JKK:9406,chr9,124,131,-,0.8978698624752371,True,0.3048079572879887,0.7142857142857143,35.79681004754673,0.023890722234058314,12.758423722053003
fold_c,CNN-Raw,123,ENCFF148JKK:9738,chr5,125,132,-,0.8629657630149966,True,0.2379246433180709,0.8571428571428571,41.39127274172911,0.022959910225157323,10.36261209146085
fold_c,CNN-Raw,123,ENCFF148JKK:975,chr9,127,134,+,0.8978698624752371,True,0.026303904924413465,0.0,68.89340121344387,0.02317802283099381,1.1348640527370482
fold_c,CNN-Raw,123,ENCFF148JKK:9753,chr5,132,139,-,0.8629657630149966,True,0.267910187861728,0.7142857142857143,45.178652950856964,0.023877535830585404,11.220177398647406
fold_c,CNN-Aug,2026,ENCFF148JKK:10020,chr9,108,115,-,0.8978698624752371,True,0.35484381035162477,0.7142857142857143,37.840380289588154,0.021999185391122382,16.12986135817645
fold_c,CNN-Aug,2026,ENCFF148JKK:10021,chr7,145,152,+,0.8672884316806654,True,0.10399318676925576,0.14285714285714285,59.6168988729751,0.026047766657484435,3.992403192823246
fold_c,CNN-Aug,2026,ENCFF148JKK:10310,chr19,115,122,+,0.9698314132220124,True,0.2649428359048267,0.7142857142857143,50.516910728574075,0.021017874741046993,12.605595911531669
fold_c,CNN-Aug,2026,ENCFF148JKK:10359,chr5,136,143,+,0.8629657630149966,True,0.36934115601146655,0.8571428571428571,30.61750898744554,0.019873219420972074,18.58486781571502
fold_c,CNN-Aug,2026,ENCFF148JKK:10719,chr19,128,135,-,0.8978698624752371,True,0.3093382478254485,0.5714285714285714,64.679271680117,0.031035187197638592,9.967339518705575
fold_c,CNN-Aug,2026,ENCFF148JKK:10922,chr10,23,30,+,0.8828598264768451,True,0.029388048578965497,0.0,101.51441894281155,0.03807100551389436,0.7719273022153318
fold_c,CNN-Aug,2026,ENCFF148JKK:10967,chr19,57,64,+,1.0,True,0.009799418935379577,0.0,85.78172370450356,0.019394975949400567,0.5052555342654315
fold_c,CNN-Aug,2026,ENCFF148JKK:11570,chr9,144,151,-,0.9698314132220124,True,0.020529608519562068,0.0,58.619142370882585,0.0317156555328636,0.6473020397856633
fold_c,CNN-Aug,2026,ENCFF148JKK:11777,chr10,185,192,-,1.0,True,0.023025328559504114,0.0,76.94815547480933,0.028158396642255015,0.8177073734713957
fold_c,CNN-Aug,2026,ENCFF148JKK:11883,chr9,122,129,+,0.8978698624752371,True,0.3466899231201861,0.5714285714285714,33.05302519663614,0.0245226801098469,14.137521737722922
fold_c,CNN-Aug,2026,ENCFF148JKK:12726,chr7,18,25,-,0.8778326924731494,True,0.005520385328600275,0.0,113.56988367053795,0.023400532248365497,0.23590853703705256
fold_c,CNN-Aug,2026,ENCFF148JKK:12909,chr7,169,176,+,0.9698314132220124,True,0.2658919164348122,0.7142857142857143,57.469142794717555,0.028660177867423774,9.277399381984814
fold_c,CNN-Aug,2026,ENCFF148JKK:13192,chr10,145,152,+,0.8629657630149966,True,0.30448979491588785,1.0,47.2079788722295,0.026079240038461314,11.675562419258782
fold_c,CNN-Aug,2026,ENCFF148JKK:13357,chr5,93,100,+,0.8978698624752371,True,0.11347710753968682,0.0,61.342346026350306,0.03396887642312492,3.3406199877260363
fold_c,CNN-Aug,2026,ENCFF148JKK:13433,chr5,120,127,-,0.9698314132220124,True,0.3595239337362396,0.7142857142857143,32.6847290748494,0.024101418469956733,14.917127561782259
fold_c,CNN-Aug,2026,ENCFF148JKK:13597,chr5,138,145,-,0.9698314132220124,True,0.23988758610428068,0.8571428571428571,47.95605674980329,0.02588789610502608,9.26639944517187
fold_c,CNN-Aug,2026,ENCFF148JKK:13822,chr19,38,45,+,0.9698314132220124,True,0.15887317708551868,0.14285714285714285,76.99877307038136,0.027705357833092914,5.73438459241812
fold_c,CNN-Aug,2026,ENCFF148JKK:14447,chr10,121,128,-,1.0,True,0.01032255186627495,0.0,53.6508091029382,0.03040609127559263,0.3394896033401372
fold_c,CNN-Aug,2026,ENCFF148JKK:14653,chr9,138,145,+,0.8978698624752371,True,0.05639140761573598,0.0,71.69890009771274,0.0263205113978,2.1424890559098126
fold_c,CNN-Aug,2026,ENCFF148JKK:231,chr10,22,29,-,0.7705658806738473,False,0.09370266612952304,0.14285714285714285,95.38999957779319,0.023872923652587287,3.925060352604436
fold_c,CNN-Aug,2026,ENCFF148JKK:2361,chr19,169,176,+,0.7578095945931235,False,0.015928108804496445,0.0,73.42819889118483,0.027120576899532206,0.587307152923107
fold_c,CNN-Aug,2026,ENCFF148JKK:326,chr5,216,223,+,0.8393557872415028,True,0.007575610779232924,0.0,142.53224525473843,0.03224054871686467,0.2349715212902132
fold_c,CNN-Aug,2026,ENCFF148JKK:3292,chr7,213,220,+,0.9280384492532245,True,0.023525730768073107,0.0,81.21649596924655,0.018548238895098518,1.268353879908778
fold_c,CNN-Aug,2026,ENCFF148JKK:3307,chr19,136,143,+,0.9698314132220124,True,0.38592144475766543,0.8571428571428571,28.36372456856847,0.020494359402096627,18.830617595111786
fold_c,CNN-Aug,2026,ENCFF148JKK:4064,chr5,144,151,-,0.8373102092232515,True,0.0560654234630158,0.0,63.474925426554954,0.02497089478288482,2.2452308557818816
fold_c,CNN-Aug,2026,ENCFF148JKK:4342,chr7,122,129,+,0.9698314132220124,True,0.4304466950048419,0.8571428571428571,35.73010416219267,0.01950856909246393,22.06449345232201
fold_c,CNN-Aug,2026,ENCFF148JKK:4938,chr5,125,132,-,0.8978698624752371,True,0.3107906812061706,1.0,42.01116692343544,0.02098212730409174,14.81216259447454
fold_c,CNN-Aug,2026,ENCFF148JKK:6038,chr10,8,15,+,0.9280384492532245,True,0.14665095959467642,0.2857142857142857,92.5914088523075,0.02446012120344558,5.995512384215758
fold_c,CNN-Aug,2026,ENCFF148JKK:6225,chr10,145,152,-,0.8672884316806654,True,0.22134525562820764,0.7142857142857143,50.912642024073925,0.023005306075779455,9.621487099502028
fold_c,CNN-Aug,2026,ENCFF148JKK:6363,chr5,83,90,+,0.8978698624752371,True,0.2806504655982349,0.8571428571428571,38.978646496532676,0.019531122619801368,14.369397553917418
fold_c,CNN-Aug,2026,ENCFF148JKK:6369,chr7,128,135,+,0.8978698624752371,True,0.3145883467286796,0.8571428571428571,40.37244469044187,0.02172108318294182,14.483087426124987
fold_c,CNN-Aug,2026,ENCFF148JKK:7952,chr7,15,22,-,0.8547098789468857,True,0.07056294385099451,0.14285714285714285,124.62148059538613,0.025915314284216732,2.722828018874139
fold_c,CNN-Aug,2026,ENCFF148JKK:8146,chr7,166,173,-,0.8611022746867618,True,0.04246768890619446,0.14285714285714285,40.745548810155796,0.021443864401266666,1.9804121174952936
fold_c,CNN-Aug,2026,ENCFF148JKK:8219,chr7,176,183,+,0.8625646014227104,True,0.4393282500866978,0.8571428571428571,38.345054707922934,0.019148750188537823,22.942920334804597
fold_c,CNN-Aug,2026,ENCFF148JKK:8464,chr9,88,95,-,0.8978698624752371,True,0.39856908810324904,0.7142857142857143,37.75617942884488,0.023246967269819986,17.14499287056188
fold_c,CNN-Aug,2026,ENCFF148JKK:8781,chr5,120,127,+,0.8625646014227104,True,0.46279613579514167,1.0,33.831032882048426,0.01948964500904849,23.745744757294375
fold_c,CNN-Aug,2026,ENCFF148JKK:9406,chr9,124,131,-,0.8978698624752371,True,0.32403416384439654,0.5714285714285714,33.43549960544187,0.02850136466776147,11.369075397674512
fold_c,CNN-Aug,2026,ENCFF148JKK:9738,chr5,125,132,-,0.8629657630149966,True,0.2707188328883992,1.0,41.46623845804354,0.02321291430309568,11.66242331116072
fold_c,CNN-Aug,2026,ENCFF148JKK:975,chr9,127,134,+,0.8978698624752371,True,0.06063357084574117,0.0,68.17828387203944,0.019471553767323874,3.1139564705664733
fold_c,CNN-Aug,2026,ENCFF148JKK:9753,chr5,132,139,-,0.8629657630149966,True,0.4480783261219566,0.8571428571428571,28.05125870269051,0.022319715361971408,20.07544983684683
fold_c,CNN-RCPS,2026,ENCFF148JKK:10020,chr9,108,115,-,0.8978698624752371,True,0.29255717171695594,0.7142857142857143,40.727159815757126,0.02286885134910325,12.792823183418346
fold_c,CNN-RCPS,2026,ENCFF148JKK:10021,chr7,145,152,+,0.8672884316806654,True,0.07672329567735774,0.14285714285714285,58.72431771755616,0.022664405371599923,3.3851889965530426
fold_c,CNN-RCPS,2026,ENCFF148JKK:10310,chr19,115,122,+,0.9698314132220124,True,0.05184663345242578,0.0,69.99603492381205,0.021984594268659643,2.358316592921447
fold_c,CNN-RCPS,2026,ENCFF148JKK:10359,chr5,136,143,+,0.8629657630149966,True,0.3007580256288637,0.7142857142857143,39.868994580060416,0.01967504689417295,15.286267282948005
fold_c,CNN-RCPS,2026,ENCFF148JKK:10719,chr19,128,135,-,0.8978698624752371,True,0.381129020157462,0.8571428571428571,40.74188192474206,0.02466752952890639,15.450636015691796
fold_c,CNN-RCPS,2026,ENCFF148JKK:10922,chr10,23,30,+,0.8828598264768451,True,0.006222036649287712,0.0,116.03726631385456,0.03542215745258433,0.17565380249964885
fold_c,CNN-RCPS,2026,ENCFF148JKK:10967,chr19,57,64,+,1.0,True,0.003402677395221361,0.0,84.60301054713031,0.02157185526367604,0.1577368915946228
fold_c,CNN-RCPS,2026,ENCFF148JKK:11570,chr9,144,151,-,0.9698314132220124,True,0.06606086819237561,0.0,56.26911869427032,0.031567106511311886,2.0927121771107875
fold_c,CNN-RCPS,2026,ENCFF148JKK:11777,chr10,185,192,-,1.0,True,0.027409302954872,0.0,77.39667469276152,0.027834980692855595,0.9847070941891167
fold_c,CNN-RCPS,2026,ENCFF148JKK:11883,chr9,122,129,+,0.8978698624752371,True,0.3015554738705727,0.5714285714285714,34.566361091353876,0.024428547294458314,12.344388318947702
fold_c,CNN-RCPS,2026,ENCFF148JKK:12726,chr7,18,25,-,0.8778326924731494,True,0.005844275751313594,0.0,113.73557543427954,0.024916404776681104,0.23455533828793654
fold_c,CNN-RCPS,2026,ENCFF148JKK:12909,chr7,169,176,+,0.9698314132220124,True,0.2651275715946476,0.8571428571428571,49.47725072486238,0.026617734030739776,9.960561304296684
fold_c,CNN-RCPS,2026,ENCFF148JKK:13192,chr10,145,152,+,0.8629657630149966,True,0.27443594416099654,0.8571428571428571,42.344746998195134,0.023430446771506814,11.712791772060074
fold_c,CNN-RCPS,2026,ENCFF148JKK:13357,chr5,93,100,+,0.8978698624752371,True,0.014780338927702034,0.0,63.62812165675939,0.037453659415516774,0.39463003504481725
fold_c,CNN-RCPS,2026,ENCFF148JKK:13433,chr5,120,127,-,0.9698314132220124,True,0.3791176401549656,0.7142857142857143,36.489044366426185,0.024545542125719147,15.445478377017432
fold_c,CNN-RCPS,2026,ENCFF148JKK:13597,chr5,138,145,-,0.9698314132220124,True,0.21355753035909478,0.8571428571428571,49.24791357941051,0.026682957229402456,8.003518070469779
fold_c,CNN-RCPS,2026,ENCFF148JKK:13822,chr19,38,45,+,0.9698314132220124,True,0.12557103557280744,0.0,76.21407960813491,0.026096027241043936,4.811883219347227
fold_c,CNN-RCPS,2026,ENCFF148JKK:14447,chr10,121,128,-,1.0,True,0.013484178022320392,0.0,53.67056444044307,0.026526567005948354,0.5083272938898079
fold_c,CNN-RCPS,2026,ENCFF148JKK:14653,chr9,138,145,+,0.8978698624752371,True,0.03800238238938022,0.0,65.62453046395551,0.027263506013908062,1.393891980363563
fold_c,CNN-RCPS,2026,ENCFF148JKK:231,chr10,22,29,-,0.7705658806738473,False,0.05476608092963714,0.14285714285714285,95.62889368602572,0.024306070184282255,2.253185336601724
fold_c,CNN-RCPS,2026,ENCFF148JKK:2361,chr19,169,176,+,0.7578095945931235,False,0.028593304830596546,0.0,73.20266474201016,0.02362226434463461,1.2104387798492748
fold_c,CNN-RCPS,2026,ENCFF148JKK:326,chr5,216,223,+,0.8393557872415028,True,0.0005777562828012532,0.0,143.39216256527615,0.03341643780099182,0.017289583235712367
fold_c,CNN-RCPS,2026,ENCFF148JKK:3292,chr7,213,220,+,0.9280384492532245,True,0.03343145668900881,0.0,76.86222984902187,0.019307720813837047,1.7315071525713104
fold_c,CNN-RCPS,2026,ENCFF148JKK:3307,chr19,136,143,+,0.9698314132220124,True,0.39446252416726885,0.8571428571428571,32.24578710830282,0.01944597414979812,20.2850482639032
fold_c,CNN-RCPS,2026,ENCFF148JKK:4064,chr5,144,151,-,0.8373102092232515,True,0.03610543428053738,0.0,57.914929367598326,0.022046168432361013,1.637719243201423
fold_c,CNN-RCPS,2026,ENCFF148JKK:4342,chr7,122,129,+,0.9698314132220124,True,0.3869067581613108,0.7142857142857143,38.244794188846114,0.018247884279509317,21.20282835176521
fold_c,CNN-RCPS,2026,ENCFF148JKK:4938,chr5,125,132,-,0.8978698624752371,True,0.3648955174282412,1.0,36.16576848268255,0.02055889874471547,17.74878712907885
fold_c,CNN-RCPS,2026,ENCFF148JKK:6038,chr10,8,15,+,0.9280384492532245,True,0.11850452843528131,0.14285714285714285,91.03539930558414,0.026481871622842983,4.474930251268968
fold_c,CNN-RCPS,2026,ENCFF148JKK:6225,chr10,145,152,-,0.8672884316806654,True,0.16050519145873604,0.5714285714285714,49.92811359512725,0.021188105564326473,7.575249753756745
fold_c,CNN-RCPS,2026,ENCFF148JKK:6363,chr5,83,90,+,0.8978698624752371,True,0.2608476759075513,0.8571428571428571,34.18907515822091,0.02159059716265233,12.081540586509053
fold_c,CNN-RCPS,2026,ENCFF148JKK:6369,chr7,128,135,+,0.8978698624752371,True,0.2627576798530803,0.7142857142857143,47.90910825954926,0.023228675197865853,11.311780702724764
fold_c,CNN-RCPS,2026,ENCFF148JKK:7952,chr7,15,22,-,0.8547098789468857,True,0.06958921686246118,0.14285714285714285,128.60977245510782,0.028873465758725674,2.4101442287520003
fold_c,CNN-RCPS,2026,ENCFF148JKK:8146,chr7,166,173,-,0.8611022746867618,True,0.09036550228690436,0.14285714285714285,29.916524159708167,0.021876434240654268,4.13072355818266
fold_c,CNN-RCPS,2026,ENCFF148JKK:8219,chr7,176,183,+,0.8625646014227104,True,0.4043472744767315,0.8571428571428571,47.28315576944379,0.020836841726230095,19.405401249831733
fold_c,CNN-RCPS,2026,ENCFF148JKK:8464,chr9,88,95,-,0.8978698624752371,True,0.4267533357607355,0.7142857142857143,35.390608433946355,0.0219247319431604,19.464472216448907
fold_c,CNN-RCPS,2026,ENCFF148JKK:8781,chr5,120,127,+,0.8625646014227104,True,0.4677678263065272,1.0,28.91061243592654,0.016672290399752154,28.056602607730543
fold_c,CNN-RCPS,2026,ENCFF148JKK:9406,chr9,124,131,-,0.8978698624752371,True,0.2867032170495797,0.42857142857142855,31.09771828701485,0.028171279881105387,10.177145598623403
fold_c,CNN-RCPS,2026,ENCFF148JKK:9738,chr5,125,132,-,0.8629657630149966,True,0.3101405673038966,1.0,40.46802743859249,0.023842390741543904,13.007947511047862
fold_c,CNN-RCPS,2026,ENCFF148JKK:975,chr9,127,134,+,0.8978698624752371,True,0.01682255415464112,0.0,74.24873395443669,0.02290342323691707,0.7344995540896065
fold_c,CNN-RCPS,2026,ENCFF148JKK:9753,chr5,132,139,-,0.8629657630149966,True,0.3512420241990262,0.8571428571428571,47.352054362460045,0.023141547521537513,15.177983402887392
fold_c,CNN-Raw,2026,ENCFF148JKK:10020,chr9,108,115,-,0.8978698624752371,True,0.4202099620834146,0.8571428571428571,34.93775817553099,0.02311719952026431,18.17737315954135
fold_c,CNN-Raw,2026,ENCFF148JKK:10021,chr7,145,152,+,0.8672884316806654,True,0.0864873953989299,0.0,62.000777504217275,0.02513812971742249,3.440486478951855
fold_c,CNN-Raw,2026,ENCFF148JKK:10310,chr19,115,122,+,0.9698314132220124,True,0.25120545199163075,0.7142857142857143,49.55725248398651,0.018635990422786325,13.479586879615505
fold_c,CNN-Raw,2026,ENCFF148JKK:10359,chr5,136,143,+,0.8629657630149966,True,0.30464582903395754,0.5714285714285714,31.73654660995324,0.019145840409324755,15.911854612847572
fold_c,CNN-Raw,2026,ENCFF148JKK:10719,chr19,128,135,-,0.8978698624752371,True,0.2957858325232142,0.7142857142857143,58.82020924462675,0.029641475794848715,9.978782249924876
fold_c,CNN-Raw,2026,ENCFF148JKK:10922,chr10,23,30,+,0.8828598264768451,True,0.018799317409241657,0.0,109.46832963822912,0.04041757906624527,0.46512725016085643
fold_c,CNN-Raw,2026,ENCFF148JKK:10967,chr19,57,64,+,1.0,True,0.014282111256356284,0.0,87.26648794648118,0.020771421940472122,0.687584667881031
fold_c,CNN-Raw,2026,ENCFF148JKK:11570,chr9,144,151,-,0.9698314132220124,True,0.014943331595425498,0.0,57.763486464813006,0.029696355593773174,0.5032042247823455
fold_c,CNN-Raw,2026,ENCFF148JKK:11777,chr10,185,192,-,1.0,True,0.014878071176220952,0.0,74.51152787293651,0.028042031122124608,0.5305632502662209
fold_c,CNN-Raw,2026,ENCFF148JKK:11883,chr9,122,129,+,0.8978698624752371,True,0.299662095601069,0.42857142857142855,37.31951626792134,0.025312175781614536,11.83865417917681
fold_c,CNN-Raw,2026,ENCFF148JKK:12726,chr7,18,25,-,0.8778326924731494,True,0.013894658978519327,0.0,96.26393202179837,0.025122319909116966,0.5530802501036902
fold_c,CNN-Raw,2026,ENCFF148JKK:12909,chr7,169,176,+,0.9698314132220124,True,0.2629772834793448,0.7142857142857143,60.07979330082282,0.03130107401558134,8.40154185598991
fold_c,CNN-Raw,2026,ENCFF148JKK:13192,chr10,145,152,+,0.8629657630149966,True,0.3012359869693651,0.8571428571428571,48.42740671147352,0.023191157775654215,12.989260384645343
fold_c,CNN-Raw,2026,ENCFF148JKK:13357,chr5,93,100,+,0.8978698624752371,True,0.11569083716861796,0.0,51.663580636624324,0.03154221819319324,3.6678091711883423
fold_c,CNN-Raw,2026,ENCFF148JKK:13433,chr5,120,127,-,0.9698314132220124,True,0.3578269182051903,0.8571428571428571,32.94081375124149,0.022840310878295148,15.666464441393773
fold_c,CNN-Raw,2026,ENCFF148JKK:13597,chr5,138,145,-,0.9698314132220124,True,0.2711935572085402,0.7142857142857143,41.8357696098902,0.02178098242220763,12.450933201802435
fold_c,CNN-Raw,2026,ENCFF148JKK:13822,chr19,38,45,+,0.9698314132220124,True,0.15296111396859494,0.14285714285714285,76.64352055560195,0.02901679901937811,5.271467533908336
fold_c,CNN-Raw,2026,ENCFF148JKK:14447,chr10,121,128,-,1.0,True,0.007051156127374315,0.0,55.718894951002234,0.032204594498775635,0.21894876296742033
fold_c,CNN-Raw,2026,ENCFF148JKK:14653,chr9,138,145,+,0.8978698624752371,True,0.04384165200917408,0.0,67.98275374945403,0.02312739509562184,1.8956588854000933
fold_c,CNN-Raw,2026,ENCFF148JKK:231,chr10,22,29,-,0.7705658806738473,False,0.06813282356962741,0.14285714285714285,105.96776777758112,0.026930740931680616,2.5299275553714065
fold_c,CNN-Raw,2026,ENCFF148JKK:2361,chr19,169,176,+,0.7578095945931235,False,0.00992504069535306,0.0,77.19689142716804,0.029957389952235,0.3313052542687415
fold_c,CNN-Raw,2026,ENCFF148JKK:326,chr5,216,223,+,0.8393557872415028,True,0.017664025292993966,0.0,131.51498704647582,0.03361244419602727,0.5255204051802254
fold_c,CNN-Raw,2026,ENCFF148JKK:3292,chr7,213,220,+,0.9280384492532245,True,0.04972617441521279,0.0,87.7439866681059,0.02105003156772181,2.3622850281831917
fold_c,CNN-Raw,2026,ENCFF148JKK:3307,chr19,136,143,+,0.9698314132220124,True,0.43324755385529184,1.0,35.09079354299963,0.021001621548838834,20.629242977633115
fold_c,CNN-Raw,2026,ENCFF148JKK:4064,chr5,144,151,-,0.8373102092232515,True,0.06925823846191441,0.0,61.16525959386114,0.023555731682186436,2.9401862526006615
fold_c,CNN-Raw,2026,ENCFF148JKK:4342,chr7,122,129,+,0.9698314132220124,True,0.34191477052372693,0.7142857142857143,45.62921598138941,0.023060368923403452,14.826942780465462
fold_c,CNN-Raw,2026,ENCFF148JKK:4938,chr5,125,132,-,0.8978698624752371,True,0.34652480369189115,1.0,41.017171540103995,0.019802231552893117,17.499280460704625
fold_c,CNN-Raw,2026,ENCFF148JKK:6038,chr10,8,15,+,0.9280384492532245,True,0.20892030529890732,0.7142857142857143,75.36592362298589,0.024069388710120033,8.679917376176084
fold_c,CNN-Raw,2026,ENCFF148JKK:6225,chr10,145,152,-,0.8672884316806654,True,0.259097550063715,0.8571428571428571,46.49679673989928,0.018743439932255843,13.823372390562655
fold_c,CNN-Raw,2026,ENCFF148JKK:6363,chr5,83,90,+,0.8978698624752371,True,0.2231672966598723,0.8571428571428571,35.82312004413286,0.02099209276692624,10.631017075700047
fold_c,CNN-Raw,2026,ENCFF148JKK:6369,chr7,128,135,+,0.8978698624752371,True,0.2992353041452076,0.8571428571428571,46.3449957045625,0.02168229480750726,13.800905614547801
fold_c,CNN-Raw,2026,ENCFF148JKK:7952,chr7,15,22,-,0.8547098789468857,True,0.07082543808323925,0.14285714285714285,125.75314358260336,0.02618369553348287,2.7049443037049508
fold_c,CNN-Raw,2026,ENCFF148JKK:8146,chr7,166,173,-,0.8611022746867618,True,0.08362278020423984,0.14285714285714285,41.53974290148783,0.020073213801054545,4.165888981855348
fold_c,CNN-Raw,2026,ENCFF148JKK:8219,chr7,176,183,+,0.8625646014227104,True,0.35350417304124326,0.7142857142857143,55.247626474638125,0.023119521875766123,15.290289087326942
fold_c,CNN-Raw,2026,ENCFF148JKK:8464,chr9,88,95,-,0.8978698624752371,True,0.40605273991291513,0.8571428571428571,34.84778044037787,0.021949017460459394,18.499813973195337
fold_c,CNN-Raw,2026,ENCFF148JKK:8781,chr5,120,127,+,0.8625646014227104,True,0.48171631361573414,1.0,26.843783970598224,0.018142114358453816,26.55237995406336
fold_c,CNN-Raw,2026,ENCFF148JKK:9406,chr9,124,131,-,0.8978698624752371,True,0.22670699722204993,0.2857142857142857,39.418507718418084,0.03027666726789802,7.487845185075062
fold_c,CNN-Raw,2026,ENCFF148JKK:9738,chr5,125,132,-,0.8629657630149966,True,0.23928856388750624,0.7142857142857143,39.403126853653575,0.024982993505500636,9.57805812321173
fold_c,CNN-Raw,2026,ENCFF148JKK:975,chr9,127,134,+,0.8978698624752371,True,0.029105186437068224,0.0,75.20972459373218,0.01825116002423445,1.5947033721923134
fold_c,CNN-Raw,2026,ENCFF148JKK:9753,chr5,132,139,-,0.8629657630149966,True,0.4521882501917027,0.8571428571428571,32.30197662442642,0.021727866674245786,20.81144260369036
